2.13.25		2022-05-21T14:23:43Z	
2.13.26		2022-05-24T15:33:09Z	
2.13.27		2022-05-28T09:53:10Z	
2.13.28		2022-06-03T18:14:11Z	
2.13.29		2022-06-06T05:20:34Z	
2.13.30		2022-06-09T14:16:05Z	
2.13.31		2022-06-15T05:46:08Z	
2.13.32		2022-06-22T08:49:45Z	
2.13.33		2022-06-28T08:25:02Z	
2.13.34		2022-07-06T10:16:59Z	
2.13.35		2022-07-07T15:10:42Z	
2.13.36		2022-07-12T11:05:06Z	
2.13.37		2022-07-22T00:19:32Z	
2.13.38		2022-07-26T08:46:49Z	
2.13.39		2022-08-01T09:12:05Z	
2.14.0		2022-08-04T08:02:54Z	
2.14.1		2022-08-05T12:30:58Z	
2.14.2		2022-08-10T05:58:02Z	
2.15.0		2022-08-11T06:57:34Z	
2.16.0		2022-08-27T16:00:44Z	
2.17.0		2022-08-29T08:07:58Z	
2.17.1		2022-09-03T10:04:10Z	
2.17.2		2022-09-09T12:05:02Z	
2.17.3		2022-09-13T10:36:17Z	
2.17.4		2022-09-16T11:08:29Z	
2.17.5		2022-10-04T08:33:16Z	
2.17.6		2022-10-25T10:42:45Z	
2.17.7		2022-11-02T12:42:25Z	
2.17.8		2022-11-04T16:21:23Z	
2.17.9		2022-11-05T07:56:15Z	
2.18.0		2022-11-24T07:37:53Z	
2.18.1		2022-11-27T10:10:27Z	
2.19.0		2022-12-06T09:32:41Z	
2.19.1		2022-12-09T20:58:59Z	
2.20.0		2022-12-23T13:01:54Z	
2.20.1		2022-12-29T10:22:05Z	
2.20.2		2023-01-09T11:51:06Z	
2.20.3		2023-01-12T14:14:14Z	
2.20.4		2023-01-26T16:41:22Z	
2.20.5		2023-01-27T06:47:38Z	
2.20.6		2023-01-28T02:49:55Z	
2.20.7		2023-02-08T14:58:13Z	
2.21.0		2023-02-20T13:41:05Z	
2.21.1		2023-02-22T13:06:09Z	
2.21.2		2023-02-24T08:42:43Z	
2.21.3		2023-03-11T12:22:30Z	
2.21.4		2023-03-20T12:51:04Z	
2.22.0		2023-03-23T09:33:06Z	
2.22.1		2023-03-28T09:39:16Z	
2.22.2		2023-04-08T16:43:12Z	
2.23.0		2023-04-24T10:12:33Z	
2.23.1		2023-05-24T18:14:43Z	
2.23.2		2023-06-16T19:25:58Z	
2.23.3		2023-08-24T21:50:46Z	
2.23.4		2023-09-02T06:30:10Z	
2.23.5		2023-09-25T18:29:18Z	
2.24.0		2023-10-06T07:53:58Z	
2.24.1		2023-10-06T09:08:49Z	
2.24.2		2023-10-22T11:28:20Z	
2.24.3		2023-10-28T12:27:20Z	
2.24.4		2023-10-29T06:13:27Z	
2.25.0		2023-12-01T07:18:32Z	
2.26.0		2023-12-22T13:34:40Z	
2.26.1		2023-12-25T17:02:20Z	
2.26.2		2023-12-26T10:34:04Z	
2.27.0		2024-01-02T13:18:06Z	
2.27.1		2024-01-05T20:56:24Z	
2.27.2		2024-01-12T11:32:39Z	
2.27.3		2024-01-14T20:29:19Z	
2.27.4		2024-01-21T12:51:24Z	
2.27.5		2024-01-23T19:59:43Z	
2.27.6		2024-01-25T20:06:19Z	
2.27.7		2024-01-26T15:41:35Z	
2.28.0		2024-01-29T13:23:58Z	
2.28.1		2024-02-04T16:14:30Z	
2.28.2		2024-02-10T10:05:41Z	
2.28.3		2024-03-01T16:15:48Z	
2.28.4		2024-03-08T13:28:42Z	
2.28.5		2024-05-02T14:27:55Z	
2.29.0		2024-05-28T14:03:42Z	
2.30.0		2024-06-01T10:05:47Z	
2.30.1		2024-06-02T09:39:16Z	
2.30.2		2024-07-02T08:47:00Z	
