2.44.7	automatic	software.amazon.awssdk	fms
2.44.6	automatic	software.amazon.awssdk	fms
2.44.5	automatic	software.amazon.awssdk	fms
2.44.4	automatic	software.amazon.awssdk	fms
2.44.3	automatic	software.amazon.awssdk	fms
2.44.2	automatic	software.amazon.awssdk	fms
2.44.1	automatic	software.amazon.awssdk	fms
2.44.0	automatic	software.amazon.awssdk	fms
2.43.2	automatic	software.amazon.awssdk	fms
2.43.1	automatic	software.amazon.awssdk	fms
2.43.0	automatic	software.amazon.awssdk	fms
2.42.41	automatic	software.amazon.awssdk	fms
2.42.40	automatic	software.amazon.awssdk	fms
2.42.39	automatic	software.amazon.awssdk	fms
2.42.38	automatic	software.amazon.awssdk	fms
2.42.37	automatic	software.amazon.awssdk	fms
2.42.36	automatic	software.amazon.awssdk	fms
2.42.35	automatic	software.amazon.awssdk	fms
2.42.34	automatic	software.amazon.awssdk	fms
2.42.33	automatic	software.amazon.awssdk	fms
2.42.32	automatic	software.amazon.awssdk	fms
2.42.31	automatic	software.amazon.awssdk	fms
2.42.30	automatic	software.amazon.awssdk	fms
2.42.29	automatic	software.amazon.awssdk	fms
2.42.28	automatic	software.amazon.awssdk	fms
2.42.27	automatic	software.amazon.awssdk	fms
2.42.26	automatic	software.amazon.awssdk	fms
2.42.25	automatic	software.amazon.awssdk	fms
2.42.24	automatic	software.amazon.awssdk	fms
2.42.23	automatic	software.amazon.awssdk	fms
2.42.22	automatic	software.amazon.awssdk	fms
2.42.21	automatic	software.amazon.awssdk	fms
2.42.20	automatic	software.amazon.awssdk	fms
2.42.19	automatic	software.amazon.awssdk	fms
2.42.18	automatic	software.amazon.awssdk	fms
2.42.17	automatic	software.amazon.awssdk	fms
2.42.16	automatic	software.amazon.awssdk	fms
2.42.15	automatic	software.amazon.awssdk	fms
2.42.14	automatic	software.amazon.awssdk	fms
2.42.13	automatic	software.amazon.awssdk	fms
2.42.12	automatic	software.amazon.awssdk	fms
2.42.11	automatic	software.amazon.awssdk	fms
2.42.10	automatic	software.amazon.awssdk	fms
2.42.9	automatic	software.amazon.awssdk	fms
2.42.8	automatic	software.amazon.awssdk	fms
2.42.7	automatic	software.amazon.awssdk	fms
2.42.6	automatic	software.amazon.awssdk	fms
2.42.5	automatic	software.amazon.awssdk	fms
2.42.4	automatic	software.amazon.awssdk	fms
2.42.3	automatic	software.amazon.awssdk	fms
2.42.2	automatic	software.amazon.awssdk	fms
2.42.1	automatic	software.amazon.awssdk	fms
2.42.0	automatic	software.amazon.awssdk	fms
2.41.34	automatic	software.amazon.awssdk	fms
2.41.33	automatic	software.amazon.awssdk	fms
2.41.32	automatic	software.amazon.awssdk	fms
2.41.31	automatic	software.amazon.awssdk	fms
2.41.30	automatic	software.amazon.awssdk	fms
2.41.29	automatic	software.amazon.awssdk	fms
2.41.28	automatic	software.amazon.awssdk	fms
2.41.27	automatic	software.amazon.awssdk	fms
2.41.26	automatic	software.amazon.awssdk	fms
2.41.25	automatic	software.amazon.awssdk	fms
2.41.24	automatic	software.amazon.awssdk	fms
2.41.23	automatic	software.amazon.awssdk	fms
2.41.22	automatic	software.amazon.awssdk	fms
2.41.21	automatic	software.amazon.awssdk	fms
2.41.20	automatic	software.amazon.awssdk	fms
2.41.19	automatic	software.amazon.awssdk	fms
2.41.18	automatic	software.amazon.awssdk	fms
2.41.17	automatic	software.amazon.awssdk	fms
2.41.16	automatic	software.amazon.awssdk	fms
2.41.15	automatic	software.amazon.awssdk	fms
2.41.14	automatic	software.amazon.awssdk	fms
2.41.13	automatic	software.amazon.awssdk	fms
2.41.12	automatic	software.amazon.awssdk	fms
2.41.11	automatic	software.amazon.awssdk	fms
2.41.10	automatic	software.amazon.awssdk	fms
2.41.9	automatic	software.amazon.awssdk	fms
2.41.8	automatic	software.amazon.awssdk	fms
2.41.7	automatic	software.amazon.awssdk	fms
2.41.6	automatic	software.amazon.awssdk	fms
2.41.5	automatic	software.amazon.awssdk	fms
2.41.4	automatic	software.amazon.awssdk	fms
2.41.3	automatic	software.amazon.awssdk	fms
2.41.2	automatic	software.amazon.awssdk	fms
2.41.1	automatic	software.amazon.awssdk	fms
2.41.0	automatic	software.amazon.awssdk	fms
2.40.17	automatic	software.amazon.awssdk	fms
2.40.16	automatic	software.amazon.awssdk	fms
2.40.15	automatic	software.amazon.awssdk	fms
2.40.14	automatic	software.amazon.awssdk	fms
2.40.13	automatic	software.amazon.awssdk	fms
2.40.12	automatic	software.amazon.awssdk	fms
2.40.11	automatic	software.amazon.awssdk	fms
2.40.10	automatic	software.amazon.awssdk	fms
2.40.9	automatic	software.amazon.awssdk	fms
2.40.8	automatic	software.amazon.awssdk	fms
2.40.7	automatic	software.amazon.awssdk	fms
2.40.6	automatic	software.amazon.awssdk	fms
2.40.5	automatic	software.amazon.awssdk	fms
2.40.4	automatic	software.amazon.awssdk	fms
2.40.3	automatic	software.amazon.awssdk	fms
2.40.2	automatic	software.amazon.awssdk	fms
2.40.1	automatic	software.amazon.awssdk	fms
2.40.0	automatic	software.amazon.awssdk	fms
2.39.6	automatic	software.amazon.awssdk	fms
2.39.5	automatic	software.amazon.awssdk	fms
2.39.4	automatic	software.amazon.awssdk	fms
2.39.3	automatic	software.amazon.awssdk	fms
2.39.2	automatic	software.amazon.awssdk	fms
2.39.1	automatic	software.amazon.awssdk	fms
2.39.0	automatic	software.amazon.awssdk	fms
2.38.9	automatic	software.amazon.awssdk	fms
2.38.8	automatic	software.amazon.awssdk	fms
2.38.7	automatic	software.amazon.awssdk	fms
2.38.6	automatic	software.amazon.awssdk	fms
2.38.5	automatic	software.amazon.awssdk	fms
2.38.4	automatic	software.amazon.awssdk	fms
2.38.3	automatic	software.amazon.awssdk	fms
2.38.2	automatic	software.amazon.awssdk	fms
2.38.1	automatic	software.amazon.awssdk	fms
2.38.0	automatic	software.amazon.awssdk	fms
2.37.5	automatic	software.amazon.awssdk	fms
2.37.4	automatic	software.amazon.awssdk	fms
2.37.3	automatic	software.amazon.awssdk	fms
2.37.2	automatic	software.amazon.awssdk	fms
2.37.1	automatic	software.amazon.awssdk	fms
2.37.0	automatic	software.amazon.awssdk	fms
2.36.3	automatic	software.amazon.awssdk	fms
2.36.2	automatic	software.amazon.awssdk	fms
2.36.1	automatic	software.amazon.awssdk	fms
2.36.0	automatic	software.amazon.awssdk	fms
2.35.11	automatic	software.amazon.awssdk	fms
2.35.10	automatic	software.amazon.awssdk	fms
2.35.9	automatic	software.amazon.awssdk	fms
2.35.8	automatic	software.amazon.awssdk	fms
2.35.7	automatic	software.amazon.awssdk	fms
2.35.6	automatic	software.amazon.awssdk	fms
2.35.5	automatic	software.amazon.awssdk	fms
2.35.4	automatic	software.amazon.awssdk	fms
2.35.3	automatic	software.amazon.awssdk	fms
2.35.2	automatic	software.amazon.awssdk	fms
2.35.1	automatic	software.amazon.awssdk	fms
2.35.0	automatic	software.amazon.awssdk	fms
2.34.9	automatic	software.amazon.awssdk	fms
2.34.8	automatic	software.amazon.awssdk	fms
2.34.7	automatic	software.amazon.awssdk	fms
2.34.6	automatic	software.amazon.awssdk	fms
2.34.5	automatic	software.amazon.awssdk	fms
2.34.4	automatic	software.amazon.awssdk	fms
2.34.3	automatic	software.amazon.awssdk	fms
2.34.2	automatic	software.amazon.awssdk	fms
2.34.1	automatic	software.amazon.awssdk	fms
2.34.0	automatic	software.amazon.awssdk	fms
2.33.13	automatic	software.amazon.awssdk	fms
2.33.12	automatic	software.amazon.awssdk	fms
2.33.11	automatic	software.amazon.awssdk	fms
2.33.10	automatic	software.amazon.awssdk	fms
2.33.9	automatic	software.amazon.awssdk	fms
2.33.8	automatic	software.amazon.awssdk	fms
2.33.7	automatic	software.amazon.awssdk	fms
2.33.6	automatic	software.amazon.awssdk	fms
2.33.5	automatic	software.amazon.awssdk	fms
2.33.4	automatic	software.amazon.awssdk	fms
2.33.3	automatic	software.amazon.awssdk	fms
2.33.2	automatic	software.amazon.awssdk	fms
2.33.1	automatic	software.amazon.awssdk	fms
2.33.0	automatic	software.amazon.awssdk	fms
2.32.33	automatic	software.amazon.awssdk	fms
2.32.32	automatic	software.amazon.awssdk	fms
2.32.31	automatic	software.amazon.awssdk	fms
2.32.30	automatic	software.amazon.awssdk	fms
2.32.29	automatic	software.amazon.awssdk	fms
2.32.28	automatic	software.amazon.awssdk	fms
2.32.27	automatic	software.amazon.awssdk	fms
2.32.26	automatic	software.amazon.awssdk	fms
2.32.25	automatic	software.amazon.awssdk	fms
2.32.24	automatic	software.amazon.awssdk	fms
2.32.23	automatic	software.amazon.awssdk	fms
2.32.22	automatic	software.amazon.awssdk	fms
2.32.21	automatic	software.amazon.awssdk	fms
2.32.20	automatic	software.amazon.awssdk	fms
2.32.19	automatic	software.amazon.awssdk	fms
2.32.18	automatic	software.amazon.awssdk	fms
2.32.17	automatic	software.amazon.awssdk	fms
2.32.16	automatic	software.amazon.awssdk	fms
2.32.15	automatic	software.amazon.awssdk	fms
2.32.14	automatic	software.amazon.awssdk	fms
2.32.13	automatic	software.amazon.awssdk	fms
2.32.12	automatic	software.amazon.awssdk	fms
2.32.11	automatic	software.amazon.awssdk	fms
2.32.10	automatic	software.amazon.awssdk	fms
2.32.9	automatic	software.amazon.awssdk	fms
2.32.8	automatic	software.amazon.awssdk	fms
2.32.7	automatic	software.amazon.awssdk	fms
2.32.6	automatic	software.amazon.awssdk	fms
2.32.5	automatic	software.amazon.awssdk	fms
2.32.4	automatic	software.amazon.awssdk	fms
2.32.3	automatic	software.amazon.awssdk	fms
2.32.2	automatic	software.amazon.awssdk	fms
2.32.1	automatic	software.amazon.awssdk	fms
2.32.0	automatic	software.amazon.awssdk	fms
2.31.78	automatic	software.amazon.awssdk	fms
2.31.77	automatic	software.amazon.awssdk	fms
2.31.76	automatic	software.amazon.awssdk	fms
2.31.75	automatic	software.amazon.awssdk	fms
2.31.74	automatic	software.amazon.awssdk	fms
2.31.73	automatic	software.amazon.awssdk	fms
2.31.72	automatic	software.amazon.awssdk	fms
2.31.71	automatic	software.amazon.awssdk	fms
2.31.70	automatic	software.amazon.awssdk	fms
2.31.69	automatic	software.amazon.awssdk	fms
2.31.68	automatic	software.amazon.awssdk	fms
2.31.67	automatic	software.amazon.awssdk	fms
2.31.66	automatic	software.amazon.awssdk	fms
2.31.65	automatic	software.amazon.awssdk	fms
2.31.64	automatic	software.amazon.awssdk	fms
2.31.63	automatic	software.amazon.awssdk	fms
2.31.62	automatic	software.amazon.awssdk	fms
2.31.61	automatic	software.amazon.awssdk	fms
2.31.60	automatic	software.amazon.awssdk	fms
2.31.59	automatic	software.amazon.awssdk	fms
2.31.58	automatic	software.amazon.awssdk	fms
2.31.57	automatic	software.amazon.awssdk	fms
2.31.56	automatic	software.amazon.awssdk	fms
2.31.55	automatic	software.amazon.awssdk	fms
2.31.54	automatic	software.amazon.awssdk	fms
2.31.53	automatic	software.amazon.awssdk	fms
2.31.52	automatic	software.amazon.awssdk	fms
2.31.51	automatic	software.amazon.awssdk	fms
2.31.50	automatic	software.amazon.awssdk	fms
2.31.49	automatic	software.amazon.awssdk	fms
2.31.48	automatic	software.amazon.awssdk	fms
2.31.47	automatic	software.amazon.awssdk	fms
2.31.46	automatic	software.amazon.awssdk	fms
2.31.45	automatic	software.amazon.awssdk	fms
2.31.44	automatic	software.amazon.awssdk	fms
2.31.43	automatic	software.amazon.awssdk	fms
2.31.42	automatic	software.amazon.awssdk	fms
2.31.41	automatic	software.amazon.awssdk	fms
2.31.40	automatic	software.amazon.awssdk	fms
2.31.39	automatic	software.amazon.awssdk	fms
2.31.38	automatic	software.amazon.awssdk	fms
2.31.37	automatic	software.amazon.awssdk	fms
2.31.36	automatic	software.amazon.awssdk	fms
2.31.35	automatic	software.amazon.awssdk	fms
2.31.34	automatic	software.amazon.awssdk	fms
2.31.33	automatic	software.amazon.awssdk	fms
2.31.32	automatic	software.amazon.awssdk	fms
2.31.31	automatic	software.amazon.awssdk	fms
2.31.30	automatic	software.amazon.awssdk	fms
2.31.29	automatic	software.amazon.awssdk	fms
2.31.28	automatic	software.amazon.awssdk	fms
2.31.27	automatic	software.amazon.awssdk	fms
2.31.26	automatic	software.amazon.awssdk	fms
2.31.25	automatic	software.amazon.awssdk	fms
2.31.24	automatic	software.amazon.awssdk	fms
2.31.23	automatic	software.amazon.awssdk	fms
2.31.22	automatic	software.amazon.awssdk	fms
2.31.21	automatic	software.amazon.awssdk	fms
2.31.20	automatic	software.amazon.awssdk	fms
2.31.19	automatic	software.amazon.awssdk	fms
2.31.18	automatic	software.amazon.awssdk	fms
2.31.17	automatic	software.amazon.awssdk	fms
2.31.16	automatic	software.amazon.awssdk	fms
2.31.15	automatic	software.amazon.awssdk	fms
2.31.14	automatic	software.amazon.awssdk	fms
2.31.13	automatic	software.amazon.awssdk	fms
2.31.12	automatic	software.amazon.awssdk	fms
2.31.11	automatic	software.amazon.awssdk	fms
2.31.10	automatic	software.amazon.awssdk	fms
2.31.9	automatic	software.amazon.awssdk	fms
2.31.8	automatic	software.amazon.awssdk	fms
2.31.7	automatic	software.amazon.awssdk	fms
2.31.6	automatic	software.amazon.awssdk	fms
2.31.5	automatic	software.amazon.awssdk	fms
2.31.4	automatic	software.amazon.awssdk	fms
2.31.3	automatic	software.amazon.awssdk	fms
2.31.2	automatic	software.amazon.awssdk	fms
2.31.1	automatic	software.amazon.awssdk	fms
2.31.0	automatic	software.amazon.awssdk	fms
2.30.38	automatic	software.amazon.awssdk	fms
2.30.37	automatic	software.amazon.awssdk	fms
2.30.36	automatic	software.amazon.awssdk	fms
2.30.35	automatic	software.amazon.awssdk	fms
2.30.34	automatic	software.amazon.awssdk	fms
2.30.33	automatic	software.amazon.awssdk	fms
2.30.32	automatic	software.amazon.awssdk	fms
2.30.31	automatic	software.amazon.awssdk	fms
2.30.30	automatic	software.amazon.awssdk	fms
2.30.29	automatic	software.amazon.awssdk	fms
2.30.28	automatic	software.amazon.awssdk	fms
2.30.27	automatic	software.amazon.awssdk	fms
2.30.26	automatic	software.amazon.awssdk	fms
2.30.25	automatic	software.amazon.awssdk	fms
2.30.24	automatic	software.amazon.awssdk	fms
2.30.23	automatic	software.amazon.awssdk	fms
2.30.22	automatic	software.amazon.awssdk	fms
2.30.21	automatic	software.amazon.awssdk	fms
2.30.20	automatic	software.amazon.awssdk	fms
2.30.19	automatic	software.amazon.awssdk	fms
2.30.18	automatic	software.amazon.awssdk	fms
2.30.17	automatic	software.amazon.awssdk	fms
2.30.16	automatic	software.amazon.awssdk	fms
2.30.15	automatic	software.amazon.awssdk	fms
2.30.14	automatic	software.amazon.awssdk	fms
2.30.13	automatic	software.amazon.awssdk	fms
2.30.12	automatic	software.amazon.awssdk	fms
2.30.11	automatic	software.amazon.awssdk	fms
2.30.10	automatic	software.amazon.awssdk	fms
2.30.9	automatic	software.amazon.awssdk	fms
2.30.8	automatic	software.amazon.awssdk	fms
2.30.7	automatic	software.amazon.awssdk	fms
2.30.6	automatic	software.amazon.awssdk	fms
2.30.5	automatic	software.amazon.awssdk	fms
2.30.4	automatic	software.amazon.awssdk	fms
2.30.3	automatic	software.amazon.awssdk	fms
2.30.2	automatic	software.amazon.awssdk	fms
2.30.1	automatic	software.amazon.awssdk	fms
2.30.0	automatic	software.amazon.awssdk	fms
2.29.52	automatic	software.amazon.awssdk	fms
2.29.51	automatic	software.amazon.awssdk	fms
2.29.50	automatic	software.amazon.awssdk	fms
2.29.49	automatic	software.amazon.awssdk	fms
2.29.48	automatic	software.amazon.awssdk	fms
2.29.47	automatic	software.amazon.awssdk	fms
2.29.46	automatic	software.amazon.awssdk	fms
2.29.45	automatic	software.amazon.awssdk	fms
2.29.44	automatic	software.amazon.awssdk	fms
2.29.43	automatic	software.amazon.awssdk	fms
2.29.42	automatic	software.amazon.awssdk	fms
2.29.41	automatic	software.amazon.awssdk	fms
2.29.40	automatic	software.amazon.awssdk	fms
2.29.39	automatic	software.amazon.awssdk	fms
2.29.38	automatic	software.amazon.awssdk	fms
2.29.37	automatic	software.amazon.awssdk	fms
2.29.36	automatic	software.amazon.awssdk	fms
2.29.35	automatic	software.amazon.awssdk	fms
2.29.34	automatic	software.amazon.awssdk	fms
2.29.33	automatic	software.amazon.awssdk	fms
2.29.32	automatic	software.amazon.awssdk	fms
2.29.31	automatic	software.amazon.awssdk	fms
2.29.30	automatic	software.amazon.awssdk	fms
2.29.29	automatic	software.amazon.awssdk	fms
2.29.28	automatic	software.amazon.awssdk	fms
2.29.27	automatic	software.amazon.awssdk	fms
2.29.26	automatic	software.amazon.awssdk	fms
2.29.25	automatic	software.amazon.awssdk	fms
2.29.24	automatic	software.amazon.awssdk	fms
2.29.23	automatic	software.amazon.awssdk	fms
2.29.22	automatic	software.amazon.awssdk	fms
2.29.21	automatic	software.amazon.awssdk	fms
2.29.20	automatic	software.amazon.awssdk	fms
2.29.19	automatic	software.amazon.awssdk	fms
2.29.18	automatic	software.amazon.awssdk	fms
2.29.17	automatic	software.amazon.awssdk	fms
2.29.16	automatic	software.amazon.awssdk	fms
2.29.15	automatic	software.amazon.awssdk	fms
2.29.14	automatic	software.amazon.awssdk	fms
2.29.13	automatic	software.amazon.awssdk	fms
2.29.12	automatic	software.amazon.awssdk	fms
2.29.11	automatic	software.amazon.awssdk	fms
2.29.10	automatic	software.amazon.awssdk	fms
2.29.9	automatic	software.amazon.awssdk	fms
2.29.8	automatic	software.amazon.awssdk	fms
2.29.7	automatic	software.amazon.awssdk	fms
2.29.6	automatic	software.amazon.awssdk	fms
2.29.5	automatic	software.amazon.awssdk	fms
2.29.4	automatic	software.amazon.awssdk	fms
2.29.3	automatic	software.amazon.awssdk	fms
2.29.2	automatic	software.amazon.awssdk	fms
2.29.1	automatic	software.amazon.awssdk	fms
2.29.0	automatic	software.amazon.awssdk	fms
2.28.29	automatic	software.amazon.awssdk	fms
2.28.28	automatic	software.amazon.awssdk	fms
2.28.27	automatic	software.amazon.awssdk	fms
2.28.26	automatic	software.amazon.awssdk	fms
2.28.25	automatic	software.amazon.awssdk	fms
2.28.24	automatic	software.amazon.awssdk	fms
2.28.23	automatic	software.amazon.awssdk	fms
2.28.22	automatic	software.amazon.awssdk	fms
2.28.21	automatic	software.amazon.awssdk	fms
2.28.20	automatic	software.amazon.awssdk	fms
2.28.19	automatic	software.amazon.awssdk	fms
2.28.18	automatic	software.amazon.awssdk	fms
2.28.17	automatic	software.amazon.awssdk	fms
2.28.16	automatic	software.amazon.awssdk	fms
2.28.15	automatic	software.amazon.awssdk	fms
2.28.14	automatic	software.amazon.awssdk	fms
2.28.13	automatic	software.amazon.awssdk	fms
2.28.12	automatic	software.amazon.awssdk	fms
2.28.11	automatic	software.amazon.awssdk	fms
2.28.10	automatic	software.amazon.awssdk	fms
2.28.9	automatic	software.amazon.awssdk	fms
2.28.8	automatic	software.amazon.awssdk	fms
2.28.7	automatic	software.amazon.awssdk	fms
2.28.6	automatic	software.amazon.awssdk	fms
2.28.5	automatic	software.amazon.awssdk	fms
2.28.4	automatic	software.amazon.awssdk	fms
2.28.3	automatic	software.amazon.awssdk	fms
2.28.2	automatic	software.amazon.awssdk	fms
2.28.1	automatic	software.amazon.awssdk	fms
2.28.0	automatic	software.amazon.awssdk	fms
2.27.24	automatic	software.amazon.awssdk	fms
2.27.23	automatic	software.amazon.awssdk	fms
2.27.22	automatic	software.amazon.awssdk	fms
2.27.21	automatic	software.amazon.awssdk	fms
2.27.20	automatic	software.amazon.awssdk	fms
2.27.19	automatic	software.amazon.awssdk	fms
2.27.18	automatic	software.amazon.awssdk	fms
2.27.17	automatic	software.amazon.awssdk	fms
2.27.16	automatic	software.amazon.awssdk	fms
2.27.15	automatic	software.amazon.awssdk	fms
2.27.14	automatic	software.amazon.awssdk	fms
2.27.13	automatic	software.amazon.awssdk	fms
2.27.12	automatic	software.amazon.awssdk	fms
2.27.11	automatic	software.amazon.awssdk	fms
2.27.10	automatic	software.amazon.awssdk	fms
2.27.9	automatic	software.amazon.awssdk	fms
2.27.8	automatic	software.amazon.awssdk	fms
2.27.7	automatic	software.amazon.awssdk	fms
2.27.6	automatic	software.amazon.awssdk	fms
2.27.5	automatic	software.amazon.awssdk	fms
2.27.4	automatic	software.amazon.awssdk	fms
2.27.3	automatic	software.amazon.awssdk	fms
2.27.2	automatic	software.amazon.awssdk	fms
2.27.1	automatic	software.amazon.awssdk	fms
2.27.0	automatic	software.amazon.awssdk	fms
2.26.31	automatic	software.amazon.awssdk	fms
2.26.30	automatic	software.amazon.awssdk	fms
2.26.29	automatic	software.amazon.awssdk	fms
2.26.28	automatic	software.amazon.awssdk	fms
2.26.27	automatic	software.amazon.awssdk	fms
2.26.26	automatic	software.amazon.awssdk	fms
2.26.25	automatic	software.amazon.awssdk	fms
2.26.24	automatic	software.amazon.awssdk	fms
2.26.23	automatic	software.amazon.awssdk	fms
2.26.22	automatic	software.amazon.awssdk	fms
2.26.21	automatic	software.amazon.awssdk	fms
2.26.20	automatic	software.amazon.awssdk	fms
2.26.19	automatic	software.amazon.awssdk	fms
2.26.18	automatic	software.amazon.awssdk	fms
2.26.17	automatic	software.amazon.awssdk	fms
2.26.16	automatic	software.amazon.awssdk	fms
2.26.15	automatic	software.amazon.awssdk	fms
2.26.14	automatic	software.amazon.awssdk	fms
2.26.13	automatic	software.amazon.awssdk	fms
2.26.12	automatic	software.amazon.awssdk	fms
2.26.11	automatic	software.amazon.awssdk	fms
2.26.10	automatic	software.amazon.awssdk	fms
2.26.9	automatic	software.amazon.awssdk	fms
2.26.8	automatic	software.amazon.awssdk	fms
2.26.7	automatic	software.amazon.awssdk	fms
2.26.6	automatic	software.amazon.awssdk	fms
2.26.5	automatic	software.amazon.awssdk	fms
2.26.4	automatic	software.amazon.awssdk	fms
2.26.3	automatic	software.amazon.awssdk	fms
2.26.2	automatic	software.amazon.awssdk	fms
2.26.1	automatic	software.amazon.awssdk	fms
2.26.0	automatic	software.amazon.awssdk	fms
2.25.70	automatic	software.amazon.awssdk	fms
2.25.69	automatic	software.amazon.awssdk	fms
2.25.68	automatic	software.amazon.awssdk	fms
2.25.67	automatic	software.amazon.awssdk	fms
2.25.66	automatic	software.amazon.awssdk	fms
2.25.65	automatic	software.amazon.awssdk	fms
2.25.64	automatic	software.amazon.awssdk	fms
2.25.63	automatic	software.amazon.awssdk	fms
2.25.62	automatic	software.amazon.awssdk	fms
2.25.61	automatic	software.amazon.awssdk	fms
2.25.60	automatic	software.amazon.awssdk	fms
2.25.59	automatic	software.amazon.awssdk	fms
2.25.58	automatic	software.amazon.awssdk	fms
2.25.57	automatic	software.amazon.awssdk	fms
2.25.56	automatic	software.amazon.awssdk	fms
2.25.55	automatic	software.amazon.awssdk	fms
2.25.54	automatic	software.amazon.awssdk	fms
2.25.53	automatic	software.amazon.awssdk	fms
2.25.52	automatic	software.amazon.awssdk	fms
2.25.51	automatic	software.amazon.awssdk	fms
2.25.50	automatic	software.amazon.awssdk	fms
2.25.49	automatic	software.amazon.awssdk	fms
2.25.48	automatic	software.amazon.awssdk	fms
2.25.47	automatic	software.amazon.awssdk	fms
2.25.46	automatic	software.amazon.awssdk	fms
2.25.45	automatic	software.amazon.awssdk	fms
2.25.44	automatic	software.amazon.awssdk	fms
2.25.43	automatic	software.amazon.awssdk	fms
2.25.42	automatic	software.amazon.awssdk	fms
2.25.41	automatic	software.amazon.awssdk	fms
2.25.40	automatic	software.amazon.awssdk	fms
2.25.39	automatic	software.amazon.awssdk	fms
2.25.38	automatic	software.amazon.awssdk	fms
2.25.37	automatic	software.amazon.awssdk	fms
2.25.36	automatic	software.amazon.awssdk	fms
2.25.35	automatic	software.amazon.awssdk	fms
2.25.34	automatic	software.amazon.awssdk	fms
2.25.33	automatic	software.amazon.awssdk	fms
2.25.32	automatic	software.amazon.awssdk	fms
2.25.31	automatic	software.amazon.awssdk	fms
2.25.30	automatic	software.amazon.awssdk	fms
2.25.29	automatic	software.amazon.awssdk	fms
2.25.28	automatic	software.amazon.awssdk	fms
2.25.27	automatic	software.amazon.awssdk	fms
2.25.26	automatic	software.amazon.awssdk	fms
2.25.25	automatic	software.amazon.awssdk	fms
2.25.24	automatic	software.amazon.awssdk	fms
2.25.23	automatic	software.amazon.awssdk	fms
2.25.22	automatic	software.amazon.awssdk	fms
2.25.21	automatic	software.amazon.awssdk	fms
2.25.20	automatic	software.amazon.awssdk	fms
2.25.19	automatic	software.amazon.awssdk	fms
2.25.18	automatic	software.amazon.awssdk	fms
2.25.17	automatic	software.amazon.awssdk	fms
2.25.16	automatic	software.amazon.awssdk	fms
2.25.15	automatic	software.amazon.awssdk	fms
2.25.14	automatic	software.amazon.awssdk	fms
2.25.13	automatic	software.amazon.awssdk	fms
2.25.12	automatic	software.amazon.awssdk	fms
2.25.11	automatic	software.amazon.awssdk	fms
2.25.10	automatic	software.amazon.awssdk	fms
2.25.9	automatic	software.amazon.awssdk	fms
2.25.8	automatic	software.amazon.awssdk	fms
2.25.7	automatic	software.amazon.awssdk	fms
2.25.6	automatic	software.amazon.awssdk	fms
2.25.5	automatic	software.amazon.awssdk	fms
2.25.4	automatic	software.amazon.awssdk	fms
2.25.3	automatic	software.amazon.awssdk	fms
2.25.2	automatic	software.amazon.awssdk	fms
2.25.1	automatic	software.amazon.awssdk	fms
2.25.0	automatic	software.amazon.awssdk	fms
2.24.13	automatic	software.amazon.awssdk	fms
2.24.12	automatic	software.amazon.awssdk	fms
2.24.11	automatic	software.amazon.awssdk	fms
2.24.10	automatic	software.amazon.awssdk	fms
2.24.9	automatic	software.amazon.awssdk	fms
2.24.8	automatic	software.amazon.awssdk	fms
2.24.7	automatic	software.amazon.awssdk	fms
2.24.6	automatic	software.amazon.awssdk	fms
2.24.5	automatic	software.amazon.awssdk	fms
2.24.4	automatic	software.amazon.awssdk	fms
2.24.3	automatic	software.amazon.awssdk	fms
2.24.2	automatic	software.amazon.awssdk	fms
2.24.1	automatic	software.amazon.awssdk	fms
2.24.0	automatic	software.amazon.awssdk	fms
2.23.21	automatic	software.amazon.awssdk	fms
2.23.20	automatic	software.amazon.awssdk	fms
2.23.19	automatic	software.amazon.awssdk	fms
2.23.18	automatic	software.amazon.awssdk	fms
2.23.17	automatic	software.amazon.awssdk	fms
2.23.16	automatic	software.amazon.awssdk	fms
2.23.15	automatic	software.amazon.awssdk	fms
2.23.14	automatic	software.amazon.awssdk	fms
2.23.13	automatic	software.amazon.awssdk	fms
2.23.12	automatic	software.amazon.awssdk	fms
2.23.11	automatic	software.amazon.awssdk	fms
2.23.10	automatic	software.amazon.awssdk	fms
2.23.9	automatic	software.amazon.awssdk	fms
2.23.8	automatic	software.amazon.awssdk	fms
2.23.7	automatic	software.amazon.awssdk	fms
2.23.6	automatic	software.amazon.awssdk	fms
2.23.5	automatic	software.amazon.awssdk	fms
2.23.4	automatic	software.amazon.awssdk	fms
2.23.3	automatic	software.amazon.awssdk	fms
2.23.2	automatic	software.amazon.awssdk	fms
2.23.1	automatic	software.amazon.awssdk	fms
2.23.0	automatic	software.amazon.awssdk	fms
2.22.13	automatic	software.amazon.awssdk	fms
2.22.12	automatic	software.amazon.awssdk	fms
2.22.11	automatic	software.amazon.awssdk	fms
2.22.10	automatic	software.amazon.awssdk	fms
2.22.9	automatic	software.amazon.awssdk	fms
2.22.8	automatic	software.amazon.awssdk	fms
2.22.7	automatic	software.amazon.awssdk	fms
2.22.6	automatic	software.amazon.awssdk	fms
2.22.5	automatic	software.amazon.awssdk	fms
2.22.4	automatic	software.amazon.awssdk	fms
2.22.3	automatic	software.amazon.awssdk	fms
2.22.2	automatic	software.amazon.awssdk	fms
2.22.1	automatic	software.amazon.awssdk	fms
2.22.0	automatic	software.amazon.awssdk	fms
2.21.46	automatic	software.amazon.awssdk	fms
2.21.45	automatic	software.amazon.awssdk	fms
2.21.44	automatic	software.amazon.awssdk	fms
2.21.43	automatic	software.amazon.awssdk	fms
2.21.42	automatic	software.amazon.awssdk	fms
2.21.41	automatic	software.amazon.awssdk	fms
2.21.40	automatic	software.amazon.awssdk	fms
2.21.39	automatic	software.amazon.awssdk	fms
2.21.38	automatic	software.amazon.awssdk	fms
2.21.37	automatic	software.amazon.awssdk	fms
2.21.36	automatic	software.amazon.awssdk	fms
2.21.35	automatic	software.amazon.awssdk	fms
2.21.34	automatic	software.amazon.awssdk	fms
2.21.33	automatic	software.amazon.awssdk	fms
2.21.32	automatic	software.amazon.awssdk	fms
2.21.31	automatic	software.amazon.awssdk	fms
2.21.30	automatic	software.amazon.awssdk	fms
2.21.29	automatic	software.amazon.awssdk	fms
2.21.28	automatic	software.amazon.awssdk	fms
2.21.27	automatic	software.amazon.awssdk	fms
2.21.26	automatic	software.amazon.awssdk	fms
2.21.25	automatic	software.amazon.awssdk	fms
2.21.24	automatic	software.amazon.awssdk	fms
2.21.23	automatic	software.amazon.awssdk	fms
2.21.22	automatic	software.amazon.awssdk	fms
2.21.21	automatic	software.amazon.awssdk	fms
2.21.20	automatic	software.amazon.awssdk	fms
2.21.19	automatic	software.amazon.awssdk	fms
2.21.18	automatic	software.amazon.awssdk	fms
2.21.17	automatic	software.amazon.awssdk	fms
2.21.16	automatic	software.amazon.awssdk	fms
2.21.15	automatic	software.amazon.awssdk	fms
2.21.14	automatic	software.amazon.awssdk	fms
2.21.13	automatic	software.amazon.awssdk	fms
2.21.12	automatic	software.amazon.awssdk	fms
2.21.11	automatic	software.amazon.awssdk	fms
2.21.10	automatic	software.amazon.awssdk	fms
2.21.9	automatic	software.amazon.awssdk	fms
2.21.8	automatic	software.amazon.awssdk	fms
2.21.7	automatic	software.amazon.awssdk	fms
2.21.6	automatic	software.amazon.awssdk	fms
2.21.5	automatic	software.amazon.awssdk	fms
2.21.4	automatic	software.amazon.awssdk	fms
2.21.3	automatic	software.amazon.awssdk	fms
2.21.2	automatic	software.amazon.awssdk	fms
2.21.1	automatic	software.amazon.awssdk	fms
2.21.0	automatic	software.amazon.awssdk	fms
2.20.162	automatic	software.amazon.awssdk	fms
2.20.161	automatic	software.amazon.awssdk	fms
2.20.160	automatic	software.amazon.awssdk	fms
2.20.159	automatic	software.amazon.awssdk	fms
2.20.158	automatic	software.amazon.awssdk	fms
2.20.157	automatic	software.amazon.awssdk	fms
2.20.156	automatic	software.amazon.awssdk	fms
2.20.155	automatic	software.amazon.awssdk	fms
2.20.154	automatic	software.amazon.awssdk	fms
2.20.153	automatic	software.amazon.awssdk	fms
2.20.152	automatic	software.amazon.awssdk	fms
2.20.151	automatic	software.amazon.awssdk	fms
2.20.150	automatic	software.amazon.awssdk	fms
2.20.149	automatic	software.amazon.awssdk	fms
2.20.148	automatic	software.amazon.awssdk	fms
2.20.147	automatic	software.amazon.awssdk	fms
2.20.146	automatic	software.amazon.awssdk	fms
2.20.145	automatic	software.amazon.awssdk	fms
2.20.144	automatic	software.amazon.awssdk	fms
2.20.143	automatic	software.amazon.awssdk	fms
2.20.142	automatic	software.amazon.awssdk	fms
2.20.141	automatic	software.amazon.awssdk	fms
2.20.140	automatic	software.amazon.awssdk	fms
2.20.139	automatic	software.amazon.awssdk	fms
2.20.138	automatic	software.amazon.awssdk	fms
2.20.137	automatic	software.amazon.awssdk	fms
2.20.136	automatic	software.amazon.awssdk	fms
2.20.135	automatic	software.amazon.awssdk	fms
2.20.134	automatic	software.amazon.awssdk	fms
2.20.133	automatic	software.amazon.awssdk	fms
2.20.132	automatic	software.amazon.awssdk	fms
2.20.131	automatic	software.amazon.awssdk	fms
2.20.130	automatic	software.amazon.awssdk	fms
2.20.129	automatic	software.amazon.awssdk	fms
2.20.128	automatic	software.amazon.awssdk	fms
2.20.127	automatic	software.amazon.awssdk	fms
2.20.126	automatic	software.amazon.awssdk	fms
2.20.125	automatic	software.amazon.awssdk	fms
2.20.124	automatic	software.amazon.awssdk	fms
2.20.123	automatic	software.amazon.awssdk	fms
2.20.122	automatic	software.amazon.awssdk	fms
2.20.121	automatic	software.amazon.awssdk	fms
2.20.120	automatic	software.amazon.awssdk	fms
2.20.119	automatic	software.amazon.awssdk	fms
2.20.118	automatic	software.amazon.awssdk	fms
2.20.117	automatic	software.amazon.awssdk	fms
2.20.116	automatic	software.amazon.awssdk	fms
2.20.115	automatic	software.amazon.awssdk	fms
2.20.114	automatic	software.amazon.awssdk	fms
2.20.113	automatic	software.amazon.awssdk	fms
2.20.112	automatic	software.amazon.awssdk	fms
2.20.111	automatic	software.amazon.awssdk	fms
2.20.110	automatic	software.amazon.awssdk	fms
2.20.109	automatic	software.amazon.awssdk	fms
2.20.108	automatic	software.amazon.awssdk	fms
2.20.107	automatic	software.amazon.awssdk	fms
2.20.106	automatic	software.amazon.awssdk	fms
2.20.105	automatic	software.amazon.awssdk	fms
2.20.104	automatic	software.amazon.awssdk	fms
2.20.103	automatic	software.amazon.awssdk	fms
2.20.102	automatic	software.amazon.awssdk	fms
2.20.101	automatic	software.amazon.awssdk	fms
2.20.100	automatic	software.amazon.awssdk	fms
2.20.99	automatic	software.amazon.awssdk	fms
2.20.98	automatic	software.amazon.awssdk	fms
2.20.97	automatic	software.amazon.awssdk	fms
2.20.96	automatic	software.amazon.awssdk	fms
2.20.95	automatic	software.amazon.awssdk	fms
2.20.94	automatic	software.amazon.awssdk	fms
2.20.93	automatic	software.amazon.awssdk	fms
2.20.92	automatic	software.amazon.awssdk	fms
2.20.91	automatic	software.amazon.awssdk	fms
2.20.90	automatic	software.amazon.awssdk	fms
2.20.89	automatic	software.amazon.awssdk	fms
2.20.88	automatic	software.amazon.awssdk	fms
2.20.87	automatic	software.amazon.awssdk	fms
2.20.86	automatic	software.amazon.awssdk	fms
2.20.85	automatic	software.amazon.awssdk	fms
2.20.84	automatic	software.amazon.awssdk	fms
2.20.83	automatic	software.amazon.awssdk	fms
2.20.82	automatic	software.amazon.awssdk	fms
2.20.81	automatic	software.amazon.awssdk	fms
2.20.80	automatic	software.amazon.awssdk	fms
2.20.79	automatic	software.amazon.awssdk	fms
2.20.78	automatic	software.amazon.awssdk	fms
2.20.77	automatic	software.amazon.awssdk	fms
2.20.76	automatic	software.amazon.awssdk	fms
2.20.75	automatic	software.amazon.awssdk	fms
2.20.74	automatic	software.amazon.awssdk	fms
2.20.73	automatic	software.amazon.awssdk	fms
2.20.72	automatic	software.amazon.awssdk	fms
2.20.71	automatic	software.amazon.awssdk	fms
2.20.70	automatic	software.amazon.awssdk	fms
2.20.69	automatic	software.amazon.awssdk	fms
2.20.68	automatic	software.amazon.awssdk	fms
2.20.67	automatic	software.amazon.awssdk	fms
2.20.66	automatic	software.amazon.awssdk	fms
2.20.65	automatic	software.amazon.awssdk	fms
2.20.64	automatic	software.amazon.awssdk	fms
2.20.63	automatic	software.amazon.awssdk	fms
2.20.62	automatic	software.amazon.awssdk	fms
2.20.61	automatic	software.amazon.awssdk	fms
2.20.60	automatic	software.amazon.awssdk	fms
2.20.59	automatic	software.amazon.awssdk	fms
2.20.58	automatic	software.amazon.awssdk	fms
2.20.57	automatic	software.amazon.awssdk	fms
2.20.56	automatic	software.amazon.awssdk	fms
2.20.55	automatic	software.amazon.awssdk	fms
2.20.54	automatic	software.amazon.awssdk	fms
2.20.53	automatic	software.amazon.awssdk	fms
2.20.52	automatic	software.amazon.awssdk	fms
2.20.51	automatic	software.amazon.awssdk	fms
2.20.50	automatic	software.amazon.awssdk	fms
2.20.49	automatic	software.amazon.awssdk	fms
2.20.48	automatic	software.amazon.awssdk	fms
2.20.47	automatic	software.amazon.awssdk	fms
2.20.46	automatic	software.amazon.awssdk	fms
2.20.45	automatic	software.amazon.awssdk	fms
2.20.44	automatic	software.amazon.awssdk	fms
2.20.43	automatic	software.amazon.awssdk	fms
2.20.42	automatic	software.amazon.awssdk	fms
2.20.41	automatic	software.amazon.awssdk	fms
2.20.40	automatic	software.amazon.awssdk	fms
2.20.39	automatic	software.amazon.awssdk	fms
2.20.38	automatic	software.amazon.awssdk	fms
2.20.37	automatic	software.amazon.awssdk	fms
2.20.36	automatic	software.amazon.awssdk	fms
2.20.35	automatic	software.amazon.awssdk	fms
2.20.34	automatic	software.amazon.awssdk	fms
2.20.33	automatic	software.amazon.awssdk	fms
2.20.32	automatic	software.amazon.awssdk	fms
2.20.31	automatic	software.amazon.awssdk	fms
2.20.30	automatic	software.amazon.awssdk	fms
2.20.29	automatic	software.amazon.awssdk	fms
2.20.28	automatic	software.amazon.awssdk	fms
2.20.27	automatic	software.amazon.awssdk	fms
2.20.26	automatic	software.amazon.awssdk	fms
2.20.25	automatic	software.amazon.awssdk	fms
2.20.24	automatic	software.amazon.awssdk	fms
2.20.23	automatic	software.amazon.awssdk	fms
2.20.22	automatic	software.amazon.awssdk	fms
2.20.21	automatic	software.amazon.awssdk	fms
2.20.20	automatic	software.amazon.awssdk	fms
2.20.19	automatic	software.amazon.awssdk	fms
2.20.18	automatic	software.amazon.awssdk	fms
2.20.17	automatic	software.amazon.awssdk	fms
2.20.16	automatic	software.amazon.awssdk	fms
2.20.15	automatic	software.amazon.awssdk	fms
2.20.14	automatic	software.amazon.awssdk	fms
2.20.13	automatic	software.amazon.awssdk	fms
2.20.12	automatic	software.amazon.awssdk	fms
2.20.11	automatic	software.amazon.awssdk	fms
2.20.10	automatic	software.amazon.awssdk	fms
2.20.9	automatic	software.amazon.awssdk	fms
2.20.8	automatic	software.amazon.awssdk	fms
2.20.7	automatic	software.amazon.awssdk	fms
2.20.6	automatic	software.amazon.awssdk	fms
2.20.5	automatic	software.amazon.awssdk	fms
2.20.4	automatic	software.amazon.awssdk	fms
2.20.3	automatic	software.amazon.awssdk	fms
2.20.2	automatic	software.amazon.awssdk	fms
2.20.1	automatic	software.amazon.awssdk	fms
2.20.0	automatic	software.amazon.awssdk	fms
2.19.33	automatic	software.amazon.awssdk	fms
2.19.32	automatic	software.amazon.awssdk	fms
2.19.31	automatic	software.amazon.awssdk	fms
2.19.30	automatic	software.amazon.awssdk	fms
2.19.29	automatic	software.amazon.awssdk	fms
2.19.28	automatic	software.amazon.awssdk	fms
2.19.27	automatic	software.amazon.awssdk	fms
2.19.26	automatic	software.amazon.awssdk	fms
2.19.25	automatic	software.amazon.awssdk	fms
2.19.24	automatic	software.amazon.awssdk	fms
2.19.23	automatic	software.amazon.awssdk	fms
2.19.22	automatic	software.amazon.awssdk	fms
2.19.21	automatic	software.amazon.awssdk	fms
2.19.20	automatic	software.amazon.awssdk	fms
2.19.19	automatic	software.amazon.awssdk	fms
2.19.18	automatic	software.amazon.awssdk	fms
2.19.17	automatic	software.amazon.awssdk	fms
2.19.16	automatic	software.amazon.awssdk	fms
2.19.15	automatic	software.amazon.awssdk	fms
2.19.14	automatic	software.amazon.awssdk	fms
2.19.13	automatic	software.amazon.awssdk	fms
2.19.12	automatic	software.amazon.awssdk	fms
2.19.11	automatic	software.amazon.awssdk	fms
2.19.10	automatic	software.amazon.awssdk	fms
2.19.9	automatic	software.amazon.awssdk	fms
2.19.8	automatic	software.amazon.awssdk	fms
2.19.7	automatic	software.amazon.awssdk	fms
2.19.6	automatic	software.amazon.awssdk	fms
2.19.5	automatic	software.amazon.awssdk	fms
2.19.4	automatic	software.amazon.awssdk	fms
2.19.3	automatic	software.amazon.awssdk	fms
2.19.2	automatic	software.amazon.awssdk	fms
2.19.1	automatic	software.amazon.awssdk	fms
2.19.0	automatic	software.amazon.awssdk	fms
2.18.41	automatic	software.amazon.awssdk	fms
2.18.40	automatic	software.amazon.awssdk	fms
2.18.39	automatic	software.amazon.awssdk	fms
2.18.38	automatic	software.amazon.awssdk	fms
2.18.37	automatic	software.amazon.awssdk	fms
2.18.36	automatic	software.amazon.awssdk	fms
2.18.35	automatic	software.amazon.awssdk	fms
2.18.34	automatic	software.amazon.awssdk	fms
2.18.33	automatic	software.amazon.awssdk	fms
2.18.32	automatic	software.amazon.awssdk	fms
2.18.31	automatic	software.amazon.awssdk	fms
2.18.30	automatic	software.amazon.awssdk	fms
2.18.29	automatic	software.amazon.awssdk	fms
2.18.28	automatic	software.amazon.awssdk	fms
2.18.27	automatic	software.amazon.awssdk	fms
2.18.26	automatic	software.amazon.awssdk	fms
2.18.25	automatic	software.amazon.awssdk	fms
2.18.24	automatic	software.amazon.awssdk	fms
2.18.23	automatic	software.amazon.awssdk	fms
2.18.22	automatic	software.amazon.awssdk	fms
2.18.21	automatic	software.amazon.awssdk	fms
2.18.20	automatic	software.amazon.awssdk	fms
2.18.19	automatic	software.amazon.awssdk	fms
2.18.18	automatic	software.amazon.awssdk	fms
2.18.17	automatic	software.amazon.awssdk	fms
2.18.16	automatic	software.amazon.awssdk	fms
2.18.15	automatic	software.amazon.awssdk	fms
2.18.14	automatic	software.amazon.awssdk	fms
2.18.13	automatic	software.amazon.awssdk	fms
2.18.12	automatic	software.amazon.awssdk	fms
2.18.11	automatic	software.amazon.awssdk	fms
2.18.10	automatic	software.amazon.awssdk	fms
2.18.9	automatic	software.amazon.awssdk	fms
2.18.8	automatic	software.amazon.awssdk	fms
2.18.7	automatic	software.amazon.awssdk	fms
2.18.6	automatic	software.amazon.awssdk	fms
2.18.5	automatic	software.amazon.awssdk	fms
2.18.4	automatic	software.amazon.awssdk	fms
2.18.3	automatic	software.amazon.awssdk	fms
2.18.2	automatic	software.amazon.awssdk	fms
2.18.1	automatic	software.amazon.awssdk	fms
2.18.0	automatic	software.amazon.awssdk	fms
2.17.295	automatic	software.amazon.awssdk	fms
2.17.294	automatic	software.amazon.awssdk	fms
2.17.293	automatic	software.amazon.awssdk	fms
2.17.292	automatic	software.amazon.awssdk	fms
2.17.291	automatic	software.amazon.awssdk	fms
2.17.290	automatic	software.amazon.awssdk	fms
2.17.289	automatic	software.amazon.awssdk	fms
2.17.288	automatic	software.amazon.awssdk	fms
2.17.287	automatic	software.amazon.awssdk	fms
2.17.286	automatic	software.amazon.awssdk	fms
2.17.285	automatic	software.amazon.awssdk	fms
2.17.284	automatic	software.amazon.awssdk	fms
2.17.283	automatic	software.amazon.awssdk	fms
2.17.282	automatic	software.amazon.awssdk	fms
2.17.281	automatic	software.amazon.awssdk	fms
2.17.280	automatic	software.amazon.awssdk	fms
2.17.279	automatic	software.amazon.awssdk	fms
2.17.278	automatic	software.amazon.awssdk	fms
2.17.277	automatic	software.amazon.awssdk	fms
2.17.276	automatic	software.amazon.awssdk	fms
2.17.275	automatic	software.amazon.awssdk	fms
2.17.274	automatic	software.amazon.awssdk	fms
2.17.273	automatic	software.amazon.awssdk	fms
2.17.272	automatic	software.amazon.awssdk	fms
2.17.271	automatic	software.amazon.awssdk	fms
2.17.270	automatic	software.amazon.awssdk	fms
2.17.269	automatic	software.amazon.awssdk	fms
2.17.268	automatic	software.amazon.awssdk	fms
2.17.267	automatic	software.amazon.awssdk	fms
2.17.266	automatic	software.amazon.awssdk	fms
2.17.265	automatic	software.amazon.awssdk	fms
2.17.264	automatic	software.amazon.awssdk	fms
2.17.263	automatic	software.amazon.awssdk	fms
2.17.262	automatic	software.amazon.awssdk	fms
2.17.261	automatic	software.amazon.awssdk	fms
2.17.260	automatic	software.amazon.awssdk	fms
2.17.259	automatic	software.amazon.awssdk	fms
2.17.258	automatic	software.amazon.awssdk	fms
2.17.257	automatic	software.amazon.awssdk	fms
2.17.256	automatic	software.amazon.awssdk	fms
2.17.255	automatic	software.amazon.awssdk	fms
2.17.254	automatic	software.amazon.awssdk	fms
2.17.253	automatic	software.amazon.awssdk	fms
2.17.252	automatic	software.amazon.awssdk	fms
2.17.251	automatic	software.amazon.awssdk	fms
2.17.250	automatic	software.amazon.awssdk	fms
2.17.249	automatic	software.amazon.awssdk	fms
2.17.248	automatic	software.amazon.awssdk	fms
2.17.247	automatic	software.amazon.awssdk	fms
2.17.246	automatic	software.amazon.awssdk	fms
2.17.245	automatic	software.amazon.awssdk	fms
2.17.244	automatic	software.amazon.awssdk	fms
2.17.243	automatic	software.amazon.awssdk	fms
2.17.242	automatic	software.amazon.awssdk	fms
2.17.241	automatic	software.amazon.awssdk	fms
2.17.240	automatic	software.amazon.awssdk	fms
2.17.239	automatic	software.amazon.awssdk	fms
2.17.238	automatic	software.amazon.awssdk	fms
2.17.237	automatic	software.amazon.awssdk	fms
2.17.236	automatic	software.amazon.awssdk	fms
2.17.235	automatic	software.amazon.awssdk	fms
2.17.234	automatic	software.amazon.awssdk	fms
2.17.233	automatic	software.amazon.awssdk	fms
2.17.232	automatic	software.amazon.awssdk	fms
2.17.231	automatic	software.amazon.awssdk	fms
2.17.230	automatic	software.amazon.awssdk	fms
2.17.229	automatic	software.amazon.awssdk	fms
2.17.228	automatic	software.amazon.awssdk	fms
2.17.227	automatic	software.amazon.awssdk	fms
2.17.226	automatic	software.amazon.awssdk	fms
2.17.225	automatic	software.amazon.awssdk	fms
2.17.224	automatic	software.amazon.awssdk	fms
2.17.223	automatic	software.amazon.awssdk	fms
2.17.222	automatic	software.amazon.awssdk	fms
2.17.221	automatic	software.amazon.awssdk	fms
2.17.220	automatic	software.amazon.awssdk	fms
2.17.219	automatic	software.amazon.awssdk	fms
2.17.218	automatic	software.amazon.awssdk	fms
2.17.217	automatic	software.amazon.awssdk	fms
2.17.216	automatic	software.amazon.awssdk	fms
2.17.215	automatic	software.amazon.awssdk	fms
2.17.214	automatic	software.amazon.awssdk	fms
2.17.213	automatic	software.amazon.awssdk	fms
2.17.212	automatic	software.amazon.awssdk	fms
2.17.211	automatic	software.amazon.awssdk	fms
2.17.210	automatic	software.amazon.awssdk	fms
2.17.209	automatic	software.amazon.awssdk	fms
2.17.208	automatic	software.amazon.awssdk	fms
2.17.207	automatic	software.amazon.awssdk	fms
2.17.206	automatic	software.amazon.awssdk	fms
2.17.205	automatic	software.amazon.awssdk	fms
2.17.204	automatic	software.amazon.awssdk	fms
2.17.203	automatic	software.amazon.awssdk	fms
2.17.202	automatic	software.amazon.awssdk	fms
2.17.201	automatic	software.amazon.awssdk	fms
2.17.200	automatic	software.amazon.awssdk	fms
2.17.199	automatic	software.amazon.awssdk	fms
2.17.198	automatic	software.amazon.awssdk	fms
2.17.197	automatic	software.amazon.awssdk	fms
2.17.196	automatic	software.amazon.awssdk	fms
2.17.195	automatic	software.amazon.awssdk	fms
2.17.194	automatic	software.amazon.awssdk	fms
2.17.193	automatic	software.amazon.awssdk	fms
2.17.192	automatic	software.amazon.awssdk	fms
2.17.191	automatic	software.amazon.awssdk	fms
2.17.190	automatic	software.amazon.awssdk	fms
2.17.189	automatic	software.amazon.awssdk	fms
2.17.188	automatic	software.amazon.awssdk	fms
2.17.187	automatic	software.amazon.awssdk	fms
2.17.186	automatic	software.amazon.awssdk	fms
2.17.185	automatic	software.amazon.awssdk	fms
2.17.184	automatic	software.amazon.awssdk	fms
2.17.183	automatic	software.amazon.awssdk	fms
2.17.182	automatic	software.amazon.awssdk	fms
2.17.181	automatic	software.amazon.awssdk	fms
2.17.180	automatic	software.amazon.awssdk	fms
2.17.179	automatic	software.amazon.awssdk	fms
2.17.178	automatic	software.amazon.awssdk	fms
2.17.177	automatic	software.amazon.awssdk	fms
2.17.176	automatic	software.amazon.awssdk	fms
2.17.175	automatic	software.amazon.awssdk	fms
2.17.174	automatic	software.amazon.awssdk	fms
2.17.173	automatic	software.amazon.awssdk	fms
2.17.172	automatic	software.amazon.awssdk	fms
2.17.171	automatic	software.amazon.awssdk	fms
2.17.170	automatic	software.amazon.awssdk	fms
2.17.169	automatic	software.amazon.awssdk	fms
2.17.168	automatic	software.amazon.awssdk	fms
2.17.167	automatic	software.amazon.awssdk	fms
2.17.166	automatic	software.amazon.awssdk	fms
2.17.165	automatic	software.amazon.awssdk	fms
2.17.164	automatic	software.amazon.awssdk	fms
2.17.163	automatic	software.amazon.awssdk	fms
2.17.162	automatic	software.amazon.awssdk	fms
2.17.161	automatic	software.amazon.awssdk	fms
2.17.160	automatic	software.amazon.awssdk	fms
2.17.159	automatic	software.amazon.awssdk	fms
2.17.158	automatic	software.amazon.awssdk	fms
2.17.157	automatic	software.amazon.awssdk	fms
2.17.156	automatic	software.amazon.awssdk	fms
2.17.155	automatic	software.amazon.awssdk	fms
2.17.154	automatic	software.amazon.awssdk	fms
2.17.153	automatic	software.amazon.awssdk	fms
2.17.152	automatic	software.amazon.awssdk	fms
2.17.151	automatic	software.amazon.awssdk	fms
2.17.150	automatic	software.amazon.awssdk	fms
2.17.149	automatic	software.amazon.awssdk	fms
2.17.148	automatic	software.amazon.awssdk	fms
2.17.147	automatic	software.amazon.awssdk	fms
2.17.146	automatic	software.amazon.awssdk	fms
2.17.145	automatic	software.amazon.awssdk	fms
2.17.144	automatic	software.amazon.awssdk	fms
2.17.143	automatic	software.amazon.awssdk	fms
2.17.142	automatic	software.amazon.awssdk	fms
2.17.141	automatic	software.amazon.awssdk	fms
2.17.140	automatic	software.amazon.awssdk	fms
2.17.139	automatic	software.amazon.awssdk	fms
2.17.138	automatic	software.amazon.awssdk	fms
2.17.137	automatic	software.amazon.awssdk	fms
2.17.136	automatic	software.amazon.awssdk	fms
2.17.135	automatic	software.amazon.awssdk	fms
2.17.134	automatic	software.amazon.awssdk	fms
2.17.133	automatic	software.amazon.awssdk	fms
2.17.132	automatic	software.amazon.awssdk	fms
2.17.131	automatic	software.amazon.awssdk	fms
2.17.130	automatic	software.amazon.awssdk	fms
2.17.129	automatic	software.amazon.awssdk	fms
2.17.128	automatic	software.amazon.awssdk	fms
2.17.127	automatic	software.amazon.awssdk	fms
2.17.126	automatic	software.amazon.awssdk	fms
2.17.125	automatic	software.amazon.awssdk	fms
2.17.124	automatic	software.amazon.awssdk	fms
2.17.123	automatic	software.amazon.awssdk	fms
2.17.122	automatic	software.amazon.awssdk	fms
2.17.121	automatic	software.amazon.awssdk	fms
2.17.120	automatic	software.amazon.awssdk	fms
2.17.119	automatic	software.amazon.awssdk	fms
2.17.118	automatic	software.amazon.awssdk	fms
2.17.117	automatic	software.amazon.awssdk	fms
2.17.116	automatic	software.amazon.awssdk	fms
2.17.115	automatic	software.amazon.awssdk	fms
2.17.114	automatic	software.amazon.awssdk	fms
2.17.113	automatic	software.amazon.awssdk	fms
2.17.112	automatic	software.amazon.awssdk	fms
2.17.111	automatic	software.amazon.awssdk	fms
2.17.110	automatic	software.amazon.awssdk	fms
2.17.109	automatic	software.amazon.awssdk	fms
2.17.108	automatic	software.amazon.awssdk	fms
2.17.107	automatic	software.amazon.awssdk	fms
2.17.106	automatic	software.amazon.awssdk	fms
2.17.105	automatic	software.amazon.awssdk	fms
2.17.104	automatic	software.amazon.awssdk	fms
2.17.103	automatic	software.amazon.awssdk	fms
2.17.102	automatic	software.amazon.awssdk	fms
2.17.101	automatic	software.amazon.awssdk	fms
2.17.100	automatic	software.amazon.awssdk	fms
2.17.99	automatic	software.amazon.awssdk	fms
2.17.98	automatic	software.amazon.awssdk	fms
2.17.97	automatic	software.amazon.awssdk	fms
2.17.96	automatic	software.amazon.awssdk	fms
2.17.95	automatic	software.amazon.awssdk	fms
2.17.94	automatic	software.amazon.awssdk	fms
2.17.93	automatic	software.amazon.awssdk	fms
2.17.92	automatic	software.amazon.awssdk	fms
2.17.91	automatic	software.amazon.awssdk	fms
2.17.90	automatic	software.amazon.awssdk	fms
2.17.89	automatic	software.amazon.awssdk	fms
2.17.88	automatic	software.amazon.awssdk	fms
2.17.87	automatic	software.amazon.awssdk	fms
2.17.86	automatic	software.amazon.awssdk	fms
2.17.85	automatic	software.amazon.awssdk	fms
2.17.84	automatic	software.amazon.awssdk	fms
2.17.83	automatic	software.amazon.awssdk	fms
2.17.82	automatic	software.amazon.awssdk	fms
2.17.81	automatic	software.amazon.awssdk	fms
2.17.80	automatic	software.amazon.awssdk	fms
2.17.79	automatic	software.amazon.awssdk	fms
2.17.78	automatic	software.amazon.awssdk	fms
2.17.77	automatic	software.amazon.awssdk	fms
2.17.76	automatic	software.amazon.awssdk	fms
2.17.75	automatic	software.amazon.awssdk	fms
2.17.74	automatic	software.amazon.awssdk	fms
2.17.73	automatic	software.amazon.awssdk	fms
2.17.72	automatic	software.amazon.awssdk	fms
2.17.71	automatic	software.amazon.awssdk	fms
2.17.70	automatic	software.amazon.awssdk	fms
2.17.69	automatic	software.amazon.awssdk	fms
2.17.68	automatic	software.amazon.awssdk	fms
2.17.67	automatic	software.amazon.awssdk	fms
2.17.66	automatic	software.amazon.awssdk	fms
2.17.65	automatic	software.amazon.awssdk	fms
2.17.64	automatic	software.amazon.awssdk	fms
2.17.63	automatic	software.amazon.awssdk	fms
2.17.62	automatic	software.amazon.awssdk	fms
2.17.61	automatic	software.amazon.awssdk	fms
2.17.60	automatic	software.amazon.awssdk	fms
2.17.59	automatic	software.amazon.awssdk	fms
2.17.58	automatic	software.amazon.awssdk	fms
2.17.57	automatic	software.amazon.awssdk	fms
2.17.56	automatic	software.amazon.awssdk	fms
2.17.55	automatic	software.amazon.awssdk	fms
2.17.54	automatic	software.amazon.awssdk	fms
2.17.53	automatic	software.amazon.awssdk	fms
2.17.52	automatic	software.amazon.awssdk	fms
2.17.51	automatic	software.amazon.awssdk	fms
2.17.50	automatic	software.amazon.awssdk	fms
2.17.49	automatic	software.amazon.awssdk	fms
2.17.48	automatic	software.amazon.awssdk	fms
2.17.47	automatic	software.amazon.awssdk	fms
2.17.46	automatic	software.amazon.awssdk	fms
2.17.45	automatic	software.amazon.awssdk	fms
2.17.44	automatic	software.amazon.awssdk	fms
2.17.43	automatic	software.amazon.awssdk	fms
2.17.42	automatic	software.amazon.awssdk	fms
2.17.41	automatic	software.amazon.awssdk	fms
2.17.40	automatic	software.amazon.awssdk	fms
2.17.39	automatic	software.amazon.awssdk	fms
2.17.38	automatic	software.amazon.awssdk	fms
2.17.37	automatic	software.amazon.awssdk	fms
2.17.36	automatic	software.amazon.awssdk	fms
2.17.35	automatic	software.amazon.awssdk	fms
2.17.34	automatic	software.amazon.awssdk	fms
2.17.33	automatic	software.amazon.awssdk	fms
2.17.32	automatic	software.amazon.awssdk	fms
2.17.31	automatic	software.amazon.awssdk	fms
2.17.30	automatic	software.amazon.awssdk	fms
2.17.29	automatic	software.amazon.awssdk	fms
2.17.28	automatic	software.amazon.awssdk	fms
2.17.27	automatic	software.amazon.awssdk	fms
2.17.26	automatic	software.amazon.awssdk	fms
2.17.25	automatic	software.amazon.awssdk	fms
2.17.24	automatic	software.amazon.awssdk	fms
2.17.23	automatic	software.amazon.awssdk	fms
2.17.22	automatic	software.amazon.awssdk	fms
2.17.21	automatic	software.amazon.awssdk	fms
2.17.20	automatic	software.amazon.awssdk	fms
2.17.19	automatic	software.amazon.awssdk	fms
2.17.18	automatic	software.amazon.awssdk	fms
2.17.17	automatic	software.amazon.awssdk	fms
2.17.16	automatic	software.amazon.awssdk	fms
2.17.15	automatic	software.amazon.awssdk	fms
2.17.14	automatic	software.amazon.awssdk	fms
2.17.13	automatic	software.amazon.awssdk	fms
2.17.12	automatic	software.amazon.awssdk	fms
2.17.11	automatic	software.amazon.awssdk	fms
2.17.10	automatic	software.amazon.awssdk	fms
2.17.9	automatic	software.amazon.awssdk	fms
2.17.8	automatic	software.amazon.awssdk	fms
2.17.7	automatic	software.amazon.awssdk	fms
2.17.6	automatic	software.amazon.awssdk	fms
2.17.5	automatic	software.amazon.awssdk	fms
2.17.4	automatic	software.amazon.awssdk	fms
2.17.3	automatic	software.amazon.awssdk	fms
2.17.2	automatic	software.amazon.awssdk	fms
2.17.1	automatic	software.amazon.awssdk	fms
2.17.0	automatic	software.amazon.awssdk	fms
2.16.104	automatic	software.amazon.awssdk	fms
2.16.103	automatic	software.amazon.awssdk	fms
2.16.102	automatic	software.amazon.awssdk	fms
2.16.101	automatic	software.amazon.awssdk	fms
2.16.100	automatic	software.amazon.awssdk	fms
2.16.99	automatic	software.amazon.awssdk	fms
2.16.98	automatic	software.amazon.awssdk	fms
2.16.97	automatic	software.amazon.awssdk	fms
2.16.96	automatic	software.amazon.awssdk	fms
2.16.95	automatic	software.amazon.awssdk	fms
2.16.94	automatic	software.amazon.awssdk	fms
2.16.93	automatic	software.amazon.awssdk	fms
2.16.92	automatic	software.amazon.awssdk	fms
2.16.91	automatic	software.amazon.awssdk	fms
2.16.90	automatic	software.amazon.awssdk	fms
2.16.89	automatic	software.amazon.awssdk	fms
2.16.88	automatic	software.amazon.awssdk	fms
2.16.87	automatic	software.amazon.awssdk	fms
2.16.86	automatic	software.amazon.awssdk	fms
2.16.85	automatic	software.amazon.awssdk	fms
2.16.84	automatic	software.amazon.awssdk	fms
2.16.83	automatic	software.amazon.awssdk	fms
2.16.82	automatic	software.amazon.awssdk	fms
2.16.81	automatic	software.amazon.awssdk	fms
2.16.80	automatic	software.amazon.awssdk	fms
2.16.79	automatic	software.amazon.awssdk	fms
2.16.78	automatic	software.amazon.awssdk	fms
2.16.77	automatic	software.amazon.awssdk	fms
2.16.76	automatic	software.amazon.awssdk	fms
2.16.75	automatic	software.amazon.awssdk	fms
2.16.74	automatic	software.amazon.awssdk	fms
2.16.73	automatic	software.amazon.awssdk	fms
2.16.72	automatic	software.amazon.awssdk	fms
2.16.71	automatic	software.amazon.awssdk	fms
2.16.70	automatic	software.amazon.awssdk	fms
2.16.69	automatic	software.amazon.awssdk	fms
2.16.68	automatic	software.amazon.awssdk	fms
2.16.67	automatic	software.amazon.awssdk	fms
2.16.66	automatic	software.amazon.awssdk	fms
2.16.65	automatic	software.amazon.awssdk	fms
2.16.64	automatic	software.amazon.awssdk	fms
2.16.63	automatic	software.amazon.awssdk	fms
2.16.62	automatic	software.amazon.awssdk	fms
2.16.61	automatic	software.amazon.awssdk	fms
2.16.60	automatic	software.amazon.awssdk	fms
2.16.59	automatic	software.amazon.awssdk	fms
2.16.58	automatic	software.amazon.awssdk	fms
2.16.57	automatic	software.amazon.awssdk	fms
2.16.56	automatic	software.amazon.awssdk	fms
2.16.55	automatic	software.amazon.awssdk	fms
2.16.54	automatic	software.amazon.awssdk	fms
2.16.53	automatic	software.amazon.awssdk	fms
2.16.52	automatic	software.amazon.awssdk	fms
2.16.51	automatic	software.amazon.awssdk	fms
2.16.50	automatic	software.amazon.awssdk	fms
2.16.49	automatic	software.amazon.awssdk	fms
2.16.48	automatic	software.amazon.awssdk	fms
2.16.47	automatic	software.amazon.awssdk	fms
2.16.46	automatic	software.amazon.awssdk	fms
2.16.45	automatic	software.amazon.awssdk	fms
2.16.44	automatic	software.amazon.awssdk	fms
2.16.43	automatic	software.amazon.awssdk	fms
2.16.42	automatic	software.amazon.awssdk	fms
2.16.41	automatic	software.amazon.awssdk	fms
2.16.40	automatic	software.amazon.awssdk	fms
2.16.39	automatic	software.amazon.awssdk	fms
2.16.38	automatic	software.amazon.awssdk	fms
2.16.37	automatic	software.amazon.awssdk	fms
2.16.36	automatic	software.amazon.awssdk	fms
2.16.35	automatic	software.amazon.awssdk	fms
2.16.34	automatic	software.amazon.awssdk	fms
2.16.33	automatic	software.amazon.awssdk	fms
2.16.32	automatic	software.amazon.awssdk	fms
2.16.31	automatic	software.amazon.awssdk	fms
2.16.30	automatic	software.amazon.awssdk	fms
2.16.29	automatic	software.amazon.awssdk	fms
2.16.28	automatic	software.amazon.awssdk	fms
2.16.27	automatic	software.amazon.awssdk	fms
2.16.26	automatic	software.amazon.awssdk	fms
2.16.25	automatic	software.amazon.awssdk	fms
2.16.24	automatic	software.amazon.awssdk	fms
2.16.23	automatic	software.amazon.awssdk	fms
2.16.22	automatic	software.amazon.awssdk	fms
2.16.21	automatic	software.amazon.awssdk	fms
2.16.20	automatic	software.amazon.awssdk	fms
2.16.19	automatic	software.amazon.awssdk	fms
2.16.18	automatic	software.amazon.awssdk	fms
2.16.17	automatic	software.amazon.awssdk	fms
2.16.16	automatic	software.amazon.awssdk	fms
2.16.15	automatic	software.amazon.awssdk	fms
2.16.14	automatic	software.amazon.awssdk	fms
2.16.13	automatic	software.amazon.awssdk	fms
2.16.12	automatic	software.amazon.awssdk	fms
2.16.11	automatic	software.amazon.awssdk	fms
2.16.10	automatic	software.amazon.awssdk	fms
2.16.9	automatic	software.amazon.awssdk	fms
2.16.8	automatic	software.amazon.awssdk	fms
2.16.7	automatic	software.amazon.awssdk	fms
2.16.6	automatic	software.amazon.awssdk	fms
2.16.5	automatic	software.amazon.awssdk	fms
2.16.4	automatic	software.amazon.awssdk	fms
2.16.3	automatic	software.amazon.awssdk	fms
2.16.2	automatic	software.amazon.awssdk	fms
2.16.1	automatic	software.amazon.awssdk	fms
2.16.0	automatic	software.amazon.awssdk	fms
2.15.82	automatic	software.amazon.awssdk	fms
2.15.81	automatic	software.amazon.awssdk	fms
2.15.80	automatic	software.amazon.awssdk	fms
2.15.79	automatic	software.amazon.awssdk	fms
2.15.78	automatic	software.amazon.awssdk	fms
2.15.77	automatic	software.amazon.awssdk	fms
2.15.76	automatic	software.amazon.awssdk	fms
2.15.75	automatic	software.amazon.awssdk	fms
2.15.74	automatic	software.amazon.awssdk	fms
2.15.73	automatic	software.amazon.awssdk	fms
2.15.72	automatic	software.amazon.awssdk	fms
2.15.71	automatic	software.amazon.awssdk	fms
2.15.70	automatic	software.amazon.awssdk	fms
2.15.69	automatic	software.amazon.awssdk	fms
2.15.68	automatic	software.amazon.awssdk	fms
2.15.67	automatic	software.amazon.awssdk	fms
2.15.66	automatic	software.amazon.awssdk	fms
2.15.65	automatic	software.amazon.awssdk	fms
2.15.64	automatic	software.amazon.awssdk	fms
2.15.63	automatic	software.amazon.awssdk	fms
2.15.62	automatic	software.amazon.awssdk	fms
2.15.61	automatic	software.amazon.awssdk	fms
2.15.60	automatic	software.amazon.awssdk	fms
2.15.59	automatic	software.amazon.awssdk	fms
2.15.58	automatic	software.amazon.awssdk	fms
2.15.57	automatic	software.amazon.awssdk	fms
2.15.56	automatic	software.amazon.awssdk	fms
2.15.55	automatic	software.amazon.awssdk	fms
2.15.54	automatic	software.amazon.awssdk	fms
2.15.53	automatic	software.amazon.awssdk	fms
2.15.52	automatic	software.amazon.awssdk	fms
2.15.51	automatic	software.amazon.awssdk	fms
2.15.50	automatic	software.amazon.awssdk	fms
2.15.49	automatic	software.amazon.awssdk	fms
2.15.48	automatic	software.amazon.awssdk	fms
2.15.47	automatic	software.amazon.awssdk	fms
2.15.46	automatic	software.amazon.awssdk	fms
2.15.45	automatic	software.amazon.awssdk	fms
2.15.44	automatic	software.amazon.awssdk	fms
2.15.43	automatic	software.amazon.awssdk	fms
2.15.42	automatic	software.amazon.awssdk	fms
2.15.41	automatic	software.amazon.awssdk	fms
2.15.40	automatic	software.amazon.awssdk	fms
2.15.39	automatic	software.amazon.awssdk	fms
2.15.38	automatic	software.amazon.awssdk	fms
2.15.37	automatic	software.amazon.awssdk	fms
2.15.36	automatic	software.amazon.awssdk	fms
2.15.35	automatic	software.amazon.awssdk	fms
2.15.34	automatic	software.amazon.awssdk	fms
2.15.33	automatic	software.amazon.awssdk	fms
2.15.32	automatic	software.amazon.awssdk	fms
2.15.31	automatic	software.amazon.awssdk	fms
2.15.30	automatic	software.amazon.awssdk	fms
2.15.29	automatic	software.amazon.awssdk	fms
2.15.28	automatic	software.amazon.awssdk	fms
2.15.27	automatic	software.amazon.awssdk	fms
2.15.26	automatic	software.amazon.awssdk	fms
2.15.25	automatic	software.amazon.awssdk	fms
2.15.24	automatic	software.amazon.awssdk	fms
2.15.23	automatic	software.amazon.awssdk	fms
2.15.22	automatic	software.amazon.awssdk	fms
2.15.21	automatic	software.amazon.awssdk	fms
2.15.20	automatic	software.amazon.awssdk	fms
2.15.19	automatic	software.amazon.awssdk	fms
2.15.18	automatic	software.amazon.awssdk	fms
2.15.17	automatic	software.amazon.awssdk	fms
2.15.16	automatic	software.amazon.awssdk	fms
2.15.15	automatic	software.amazon.awssdk	fms
2.15.14	automatic	software.amazon.awssdk	fms
2.15.13	automatic	software.amazon.awssdk	fms
2.15.12	automatic	software.amazon.awssdk	fms
2.15.11	automatic	software.amazon.awssdk	fms
2.15.10	automatic	software.amazon.awssdk	fms
2.15.9	automatic	software.amazon.awssdk	fms
2.15.8	automatic	software.amazon.awssdk	fms
2.15.7	automatic	software.amazon.awssdk	fms
2.15.6	automatic	software.amazon.awssdk	fms
2.15.5	automatic	software.amazon.awssdk	fms
2.15.4	automatic	software.amazon.awssdk	fms
2.15.3	automatic	software.amazon.awssdk	fms
2.15.2	automatic	software.amazon.awssdk	fms
2.15.1	automatic	software.amazon.awssdk	fms
2.15.0	automatic	software.amazon.awssdk	fms
2.14.28	automatic	software.amazon.awssdk	fms
2.14.27	automatic	software.amazon.awssdk	fms
2.14.26	automatic	software.amazon.awssdk	fms
2.14.25	automatic	software.amazon.awssdk	fms
2.14.24	automatic	software.amazon.awssdk	fms
2.14.23	automatic	software.amazon.awssdk	fms
2.14.22	automatic	software.amazon.awssdk	fms
2.14.21	automatic	software.amazon.awssdk	fms
2.14.20	automatic	software.amazon.awssdk	fms
2.14.19	automatic	software.amazon.awssdk	fms
2.14.18	automatic	software.amazon.awssdk	fms
2.14.17	automatic	software.amazon.awssdk	fms
2.14.16	automatic	software.amazon.awssdk	fms
2.14.15	automatic	software.amazon.awssdk	fms
2.14.14	automatic	software.amazon.awssdk	fms
2.14.13	automatic	software.amazon.awssdk	fms
2.14.12	automatic	software.amazon.awssdk	fms
2.14.11	automatic	software.amazon.awssdk	fms
2.14.10	automatic	software.amazon.awssdk	fms
2.14.9	automatic	software.amazon.awssdk	fms
2.14.8	automatic	software.amazon.awssdk	fms
2.14.7	automatic	software.amazon.awssdk	fms
2.14.6	automatic	software.amazon.awssdk	fms
2.14.5	automatic	software.amazon.awssdk	fms
2.14.4	automatic	software.amazon.awssdk	fms
2.14.3	automatic	software.amazon.awssdk	fms
2.14.2	automatic	software.amazon.awssdk	fms
2.14.1	automatic	software.amazon.awssdk	fms
2.14.0	automatic	software.amazon.awssdk	fms
2.13.76	automatic	software.amazon.awssdk	fms
2.13.75	automatic	software.amazon.awssdk	fms
2.13.74	automatic	software.amazon.awssdk	fms
2.13.73	automatic	software.amazon.awssdk	fms
2.13.72	automatic	software.amazon.awssdk	fms
2.13.71	automatic	software.amazon.awssdk	fms
2.13.70	automatic	software.amazon.awssdk	fms
2.13.69	automatic	software.amazon.awssdk	fms
2.13.68	automatic	software.amazon.awssdk	fms
2.13.67	automatic	software.amazon.awssdk	fms
2.13.66	automatic	software.amazon.awssdk	fms
2.13.65	automatic	software.amazon.awssdk	fms
2.13.64	automatic	software.amazon.awssdk	fms
2.13.63	automatic	software.amazon.awssdk	fms
2.13.62	automatic	software.amazon.awssdk	fms
2.13.61	automatic	software.amazon.awssdk	fms
2.13.60	automatic	software.amazon.awssdk	fms
2.13.59	automatic	software.amazon.awssdk	fms
2.13.58	automatic	software.amazon.awssdk	fms
2.13.57	automatic	software.amazon.awssdk	fms
2.13.56	automatic	software.amazon.awssdk	fms
2.13.55	automatic	software.amazon.awssdk	fms
2.13.54	automatic	software.amazon.awssdk	fms
2.13.53	automatic	software.amazon.awssdk	fms
2.13.52	automatic	software.amazon.awssdk	fms
2.13.51	automatic	software.amazon.awssdk	fms
2.13.50	automatic	software.amazon.awssdk	fms
2.13.49	automatic	software.amazon.awssdk	fms
2.13.48	automatic	software.amazon.awssdk	fms
2.13.47	automatic	software.amazon.awssdk	fms
2.13.46	automatic	software.amazon.awssdk	fms
2.13.45	automatic	software.amazon.awssdk	fms
2.13.44	automatic	software.amazon.awssdk	fms
2.13.43	automatic	software.amazon.awssdk	fms
2.13.42	automatic	software.amazon.awssdk	fms
2.13.41	automatic	software.amazon.awssdk	fms
2.13.40	automatic	software.amazon.awssdk	fms
2.13.39	automatic	software.amazon.awssdk	fms
2.13.38	automatic	software.amazon.awssdk	fms
2.13.37	automatic	software.amazon.awssdk	fms
2.13.36	automatic	software.amazon.awssdk	fms
2.13.35	automatic	software.amazon.awssdk	fms
2.13.34	automatic	software.amazon.awssdk	fms
2.13.33	automatic	software.amazon.awssdk	fms
2.13.32	automatic	software.amazon.awssdk	fms
2.13.31	automatic	software.amazon.awssdk	fms
2.13.30	automatic	software.amazon.awssdk	fms
2.13.29	automatic	software.amazon.awssdk	fms
2.13.28	automatic	software.amazon.awssdk	fms
2.13.27	automatic	software.amazon.awssdk	fms
2.13.26	automatic	software.amazon.awssdk	fms
2.13.25	automatic	software.amazon.awssdk	fms
2.13.24	automatic	software.amazon.awssdk	fms
2.13.23	automatic	software.amazon.awssdk	fms
2.13.22	automatic	software.amazon.awssdk	fms
2.13.21	automatic	software.amazon.awssdk	fms
2.13.20	automatic	software.amazon.awssdk	fms
2.13.19	automatic	software.amazon.awssdk	fms
2.13.18	automatic	software.amazon.awssdk	fms
2.13.17	automatic	software.amazon.awssdk	fms
2.13.16	automatic	software.amazon.awssdk	fms
2.13.15	automatic	software.amazon.awssdk	fms
2.13.14	automatic	software.amazon.awssdk	fms
2.13.13	automatic	software.amazon.awssdk	fms
2.13.12	automatic	software.amazon.awssdk	fms
2.13.11	automatic	software.amazon.awssdk	fms
2.13.10	automatic	software.amazon.awssdk	fms
2.13.9	automatic	software.amazon.awssdk	fms
2.13.8	automatic	software.amazon.awssdk	fms
2.13.7	automatic	software.amazon.awssdk	fms
2.13.6	automatic	software.amazon.awssdk	fms
2.13.5	automatic	software.amazon.awssdk	fms
2.13.4	automatic	software.amazon.awssdk	fms
2.13.3	automatic	software.amazon.awssdk	fms
2.13.2	automatic	software.amazon.awssdk	fms
2.13.1	automatic	software.amazon.awssdk	fms
2.13.0	automatic	software.amazon.awssdk	fms
2.12.0	automatic	software.amazon.awssdk	fms
2.11.14	automatic	software.amazon.awssdk	fms
2.11.13	automatic	software.amazon.awssdk	fms
2.11.12	automatic	software.amazon.awssdk	fms
2.11.11	automatic	software.amazon.awssdk	fms
2.11.10	automatic	software.amazon.awssdk	fms
2.11.9	automatic	software.amazon.awssdk	fms
2.11.8	automatic	software.amazon.awssdk	fms
2.11.7	automatic	software.amazon.awssdk	fms
2.11.6	automatic	software.amazon.awssdk	fms
2.11.5	automatic	software.amazon.awssdk	fms
2.11.4	automatic	software.amazon.awssdk	fms
2.11.3	automatic	software.amazon.awssdk	fms
2.11.2	automatic	software.amazon.awssdk	fms
2.11.1	automatic	software.amazon.awssdk	fms
2.11.0	automatic	software.amazon.awssdk	fms
2.10.91	automatic	software.amazon.awssdk	fms
2.10.90	automatic	software.amazon.awssdk	fms
2.10.89	automatic	software.amazon.awssdk	fms
2.10.88	automatic	software.amazon.awssdk	fms
2.10.87	automatic	software.amazon.awssdk	fms
2.10.86	automatic	software.amazon.awssdk	fms
2.10.85	automatic	software.amazon.awssdk	fms
2.10.84	automatic	software.amazon.awssdk	fms
2.10.83	automatic	software.amazon.awssdk	fms
2.10.82	automatic	software.amazon.awssdk	fms
2.10.81	automatic	software.amazon.awssdk	fms
2.10.80	automatic	software.amazon.awssdk	fms
2.10.79	automatic	software.amazon.awssdk	fms
2.10.78	automatic	software.amazon.awssdk	fms
2.10.77	automatic	software.amazon.awssdk	fms
2.10.76	automatic	software.amazon.awssdk	fms
2.10.75	automatic	software.amazon.awssdk	fms
2.10.74	automatic	software.amazon.awssdk	fms
2.10.73	automatic	software.amazon.awssdk	fms
2.10.72	automatic	software.amazon.awssdk	fms
2.10.71	automatic	software.amazon.awssdk	fms
2.10.70	automatic	software.amazon.awssdk	fms
2.10.69	automatic	software.amazon.awssdk	fms
2.10.68	automatic	software.amazon.awssdk	fms
2.10.67	automatic	software.amazon.awssdk	fms
2.10.66	automatic	software.amazon.awssdk	fms
2.10.65	automatic	software.amazon.awssdk	fms
2.10.64	automatic	software.amazon.awssdk	fms
2.10.63	automatic	software.amazon.awssdk	fms
2.10.62	automatic	software.amazon.awssdk	fms
2.10.61	automatic	software.amazon.awssdk	fms
2.10.60	automatic	software.amazon.awssdk	fms
2.10.59	automatic	software.amazon.awssdk	fms
2.10.58	automatic	software.amazon.awssdk	fms
2.10.57	automatic	software.amazon.awssdk	fms
2.10.56	automatic	software.amazon.awssdk	fms
2.10.55	automatic	software.amazon.awssdk	fms
2.10.54	automatic	software.amazon.awssdk	fms
2.10.53	automatic	software.amazon.awssdk	fms
2.10.52	automatic	software.amazon.awssdk	fms
2.10.51	automatic	software.amazon.awssdk	fms
2.10.50	automatic	software.amazon.awssdk	fms
2.10.49	automatic	software.amazon.awssdk	fms
2.10.48	automatic	software.amazon.awssdk	fms
2.10.47	automatic	software.amazon.awssdk	fms
2.10.46	automatic	software.amazon.awssdk	fms
2.10.45	automatic	software.amazon.awssdk	fms
2.10.44	automatic	software.amazon.awssdk	fms
2.10.43	automatic	software.amazon.awssdk	fms
2.10.42	automatic	software.amazon.awssdk	fms
2.10.41	automatic	software.amazon.awssdk	fms
2.10.40	automatic	software.amazon.awssdk	fms
2.10.39	automatic	software.amazon.awssdk	fms
2.10.38	automatic	software.amazon.awssdk	fms
2.10.37	automatic	software.amazon.awssdk	fms
2.10.36	automatic	software.amazon.awssdk	fms
2.10.35	automatic	software.amazon.awssdk	fms
2.10.34	automatic	software.amazon.awssdk	fms
2.10.33	automatic	software.amazon.awssdk	fms
2.10.32	automatic	software.amazon.awssdk	fms
2.10.31	automatic	software.amazon.awssdk	fms
2.10.30	automatic	software.amazon.awssdk	fms
2.10.29	automatic	software.amazon.awssdk	fms
2.10.28	automatic	software.amazon.awssdk	fms
2.10.27	automatic	software.amazon.awssdk	fms
2.10.26	automatic	software.amazon.awssdk	fms
2.10.25	automatic	software.amazon.awssdk	fms
2.10.24	automatic	software.amazon.awssdk	fms
2.10.23	automatic	software.amazon.awssdk	fms
2.10.22	automatic	software.amazon.awssdk	fms
2.10.21	automatic	software.amazon.awssdk	fms
2.10.20	automatic	software.amazon.awssdk	fms
2.10.19	automatic	software.amazon.awssdk	fms
2.10.18	automatic	software.amazon.awssdk	fms
2.10.17	automatic	software.amazon.awssdk	fms
2.10.16	automatic	software.amazon.awssdk	fms
2.10.15	automatic	software.amazon.awssdk	fms
2.10.14	automatic	software.amazon.awssdk	fms
2.10.13	automatic	software.amazon.awssdk	fms
2.10.12	automatic	software.amazon.awssdk	fms
2.10.11	automatic	software.amazon.awssdk	fms
2.10.10	automatic	software.amazon.awssdk	fms
2.10.9	automatic	software.amazon.awssdk	fms
2.10.8	automatic	software.amazon.awssdk	fms
2.10.7	automatic	software.amazon.awssdk	fms
2.10.6	automatic	software.amazon.awssdk	fms
2.10.5	automatic	software.amazon.awssdk	fms
2.10.4	automatic	software.amazon.awssdk	fms
2.10.3	automatic	software.amazon.awssdk	fms
2.10.2	automatic	software.amazon.awssdk	fms
2.10.1	automatic	software.amazon.awssdk	fms
2.10.0	automatic	software.amazon.awssdk	fms
2.9.26	automatic	software.amazon.awssdk	fms
2.9.25	automatic	software.amazon.awssdk	fms
2.9.24	automatic	software.amazon.awssdk	fms
2.9.23	automatic	software.amazon.awssdk	fms
2.9.22	automatic	software.amazon.awssdk	fms
2.9.21	automatic	software.amazon.awssdk	fms
2.9.20	automatic	software.amazon.awssdk	fms
2.9.19	automatic	software.amazon.awssdk	fms
2.9.18	automatic	software.amazon.awssdk	fms
2.9.17	automatic	software.amazon.awssdk	fms
2.9.16	automatic	software.amazon.awssdk	fms
2.9.15	automatic	software.amazon.awssdk	fms
2.9.14	automatic	software.amazon.awssdk	fms
2.9.13	automatic	software.amazon.awssdk	fms
2.9.12	automatic	software.amazon.awssdk	fms
2.9.11	automatic	software.amazon.awssdk	fms
2.9.10	automatic	software.amazon.awssdk	fms
2.9.9	automatic	software.amazon.awssdk	fms
2.9.8	automatic	software.amazon.awssdk	fms
2.9.7	automatic	software.amazon.awssdk	fms
2.9.6	automatic	software.amazon.awssdk	fms
2.9.5	automatic	software.amazon.awssdk	fms
2.9.4	automatic	software.amazon.awssdk	fms
2.9.3	automatic	software.amazon.awssdk	fms
2.9.2	automatic	software.amazon.awssdk	fms
2.9.1	automatic	software.amazon.awssdk	fms
2.9.0	automatic	software.amazon.awssdk	fms
2.8.7	automatic	software.amazon.awssdk	fms
2.8.6	automatic	software.amazon.awssdk	fms
2.8.5	automatic	software.amazon.awssdk	fms
2.8.4	automatic	software.amazon.awssdk	fms
2.8.3	automatic	software.amazon.awssdk	fms
2.8.2	automatic	software.amazon.awssdk	fms
2.8.1	automatic	software.amazon.awssdk	fms
2.8.0	automatic	software.amazon.awssdk	fms
2.7.36	automatic	software.amazon.awssdk	fms
2.7.35	automatic	software.amazon.awssdk	fms
2.7.34	automatic	software.amazon.awssdk	fms
2.7.33	automatic	software.amazon.awssdk	fms
2.7.32	automatic	software.amazon.awssdk	fms
2.7.31	automatic	software.amazon.awssdk	fms
2.7.30	automatic	software.amazon.awssdk	fms
2.7.29	automatic	software.amazon.awssdk	fms
2.7.28	automatic	software.amazon.awssdk	fms
2.7.27	automatic	software.amazon.awssdk	fms
2.7.26	automatic	software.amazon.awssdk	fms
2.7.25	automatic	software.amazon.awssdk	fms
2.7.24	automatic	software.amazon.awssdk	fms
2.7.23	automatic	software.amazon.awssdk	fms
2.7.22	automatic	software.amazon.awssdk	fms
2.7.21	automatic	software.amazon.awssdk	fms
2.7.20	automatic	software.amazon.awssdk	fms
2.7.19	automatic	software.amazon.awssdk	fms
2.7.18	automatic	software.amazon.awssdk	fms
2.7.17	automatic	software.amazon.awssdk	fms
2.7.16	automatic	software.amazon.awssdk	fms
2.7.15	automatic	software.amazon.awssdk	fms
2.7.14	automatic	software.amazon.awssdk	fms
2.7.13	automatic	software.amazon.awssdk	fms
2.7.12	automatic	software.amazon.awssdk	fms
2.7.11	automatic	software.amazon.awssdk	fms
2.7.10	automatic	software.amazon.awssdk	fms
2.7.9	automatic	software.amazon.awssdk	fms
2.7.8	automatic	software.amazon.awssdk	fms
2.7.7	automatic	software.amazon.awssdk	fms
2.7.6	automatic	software.amazon.awssdk	fms
2.7.5	automatic	software.amazon.awssdk	fms
2.7.4	automatic	software.amazon.awssdk	fms
2.7.3	automatic	software.amazon.awssdk	fms
2.7.2	automatic	software.amazon.awssdk	fms
2.7.1	automatic	software.amazon.awssdk	fms
2.7.0	automatic	software.amazon.awssdk	fms
2.6.5	automatic	software.amazon.awssdk	fms
2.6.4	automatic	software.amazon.awssdk	fms
2.6.3	automatic	software.amazon.awssdk	fms
2.6.2	automatic	software.amazon.awssdk	fms
2.6.1	automatic	software.amazon.awssdk	fms
2.6.0	automatic	software.amazon.awssdk	fms
2.5.71	automatic	software.amazon.awssdk	fms
2.5.70	automatic	software.amazon.awssdk	fms
2.5.69	automatic	software.amazon.awssdk	fms
2.5.68	automatic	software.amazon.awssdk	fms
2.5.67	automatic	software.amazon.awssdk	fms
2.5.66	automatic	software.amazon.awssdk	fms
2.5.65	automatic	software.amazon.awssdk	fms
2.5.64	automatic	software.amazon.awssdk	fms
2.5.63	automatic	software.amazon.awssdk	fms
2.5.62	automatic	software.amazon.awssdk	fms
2.5.61	automatic	software.amazon.awssdk	fms
2.5.60	automatic	software.amazon.awssdk	fms
2.5.59	automatic	software.amazon.awssdk	fms
2.5.58	automatic	software.amazon.awssdk	fms
2.5.57	automatic	software.amazon.awssdk	fms
2.5.56	automatic	software.amazon.awssdk	fms
2.5.55	automatic	software.amazon.awssdk	fms
2.5.54	automatic	software.amazon.awssdk	fms
2.5.53	automatic	software.amazon.awssdk	fms
2.5.52	automatic	software.amazon.awssdk	fms
2.5.51	automatic	software.amazon.awssdk	fms
2.5.50	automatic	software.amazon.awssdk	fms
2.5.49	automatic	software.amazon.awssdk	fms
2.5.48	automatic	software.amazon.awssdk	fms
2.5.47	automatic	software.amazon.awssdk	fms
2.5.46	automatic	software.amazon.awssdk	fms
2.5.45	automatic	software.amazon.awssdk	fms
2.5.44	automatic	software.amazon.awssdk	fms
2.5.43	automatic	software.amazon.awssdk	fms
2.5.42	automatic	software.amazon.awssdk	fms
2.5.41	automatic	software.amazon.awssdk	fms
2.5.40	automatic	software.amazon.awssdk	fms
2.5.39	automatic	software.amazon.awssdk	fms
2.5.38	automatic	software.amazon.awssdk	fms
2.5.37	automatic	software.amazon.awssdk	fms
2.5.36	automatic	software.amazon.awssdk	fms
2.5.35	automatic	software.amazon.awssdk	fms
2.5.34	automatic	software.amazon.awssdk	fms
2.5.33	automatic	software.amazon.awssdk	fms
2.5.32	automatic	software.amazon.awssdk	fms
2.5.31	automatic	software.amazon.awssdk	fms
2.5.30	automatic	software.amazon.awssdk	fms
2.5.29	automatic	software.amazon.awssdk	fms
2.5.28	automatic	software.amazon.awssdk	fms
2.5.27	automatic	software.amazon.awssdk	fms
2.5.26	automatic	software.amazon.awssdk	fms
2.5.25	automatic	software.amazon.awssdk	fms
2.5.24	automatic	software.amazon.awssdk	fms
2.5.23	automatic	software.amazon.awssdk	fms
2.5.22	automatic	software.amazon.awssdk	fms
2.5.21	automatic	software.amazon.awssdk	fms
2.5.20	automatic	software.amazon.awssdk	fms
2.5.19	automatic	software.amazon.awssdk	fms
2.5.18	automatic	software.amazon.awssdk	fms
2.5.17	automatic	software.amazon.awssdk	fms
2.5.16	automatic	software.amazon.awssdk	fms
2.5.15	automatic	software.amazon.awssdk	fms
2.5.14	automatic	software.amazon.awssdk	fms
2.5.13	automatic	software.amazon.awssdk	fms
2.5.12	automatic	software.amazon.awssdk	fms
2.5.11	automatic	software.amazon.awssdk	fms
2.5.10	automatic	software.amazon.awssdk	fms
2.5.9	automatic	software.amazon.awssdk	fms
2.5.8	automatic	software.amazon.awssdk	fms
2.5.7	automatic	software.amazon.awssdk	fms
2.5.6	automatic	software.amazon.awssdk	fms
2.5.5	automatic	software.amazon.awssdk	fms
2.5.4	automatic	software.amazon.awssdk	fms
2.5.3	automatic	software.amazon.awssdk	fms
2.5.2	automatic	software.amazon.awssdk	fms
2.5.1	automatic	software.amazon.awssdk	fms
2.5.0	automatic	software.amazon.awssdk	fms
2.4.17	automatic	software.amazon.awssdk	fms
2.4.16	automatic	software.amazon.awssdk	fms
2.4.15	automatic	software.amazon.awssdk	fms
2.4.14	automatic	software.amazon.awssdk	fms
2.4.13	automatic	software.amazon.awssdk	fms
2.4.12	automatic	software.amazon.awssdk	fms
2.4.11	automatic	software.amazon.awssdk	fms
2.4.10	automatic	software.amazon.awssdk	fms
2.4.8	automatic	software.amazon.awssdk	fms
2.4.7	automatic	software.amazon.awssdk	fms
2.4.6	automatic	software.amazon.awssdk	fms
2.4.5	automatic	software.amazon.awssdk	fms
2.4.4	automatic	software.amazon.awssdk	fms
2.4.3	automatic	software.amazon.awssdk	fms
2.4.2	automatic	software.amazon.awssdk	fms
2.4.1	automatic	software.amazon.awssdk	fms
2.4.0	automatic	software.amazon.awssdk	fms
2.3.9	automatic	software.amazon.awssdk	fms
2.3.8	automatic	software.amazon.awssdk	fms
2.3.7	automatic	software.amazon.awssdk	fms
2.3.6	automatic	software.amazon.awssdk	fms
2.3.5	automatic	software.amazon.awssdk	fms
2.3.4	automatic	software.amazon.awssdk	fms
2.3.3	automatic	software.amazon.awssdk	fms
2.3.2	automatic	software.amazon.awssdk	fms
2.3.1	automatic	software.amazon.awssdk	fms
2.3.0	automatic	software.amazon.awssdk	fms
2.2.0	automatic	software.amazon.awssdk	fms
2.1.4	automatic	software.amazon.awssdk	fms
2.1.3	automatic	software.amazon.awssdk	fms
2.1.2	automatic	software.amazon.awssdk	fms
2.1.1	automatic	software.amazon.awssdk	fms
2.1.0	automatic	software.amazon.awssdk	fms
