2.0		2016-12-15T10:32:44Z	
2.0-RC1		2016-04-18T16:35:29Z	
2.0-RC10		2016-09-27T18:06:17Z	
2.0-RC11		2016-09-30T13:59:21Z	
2.0-RC12		2016-10-01T07:13:25Z	
2.0-RC13		2016-10-01T08:53:06Z	
2.0-RC14		2016-10-01T11:32:50Z	
2.0-RC15		2016-10-20T15:04:40Z	
2.0-RC16		2016-11-19T08:37:06Z	
2.0-RC17		2016-12-14T17:35:21Z	
2.0-RC2		2016-04-21T16:28:27Z	
2.0-RC3		2016-06-06T11:54:15Z	
2.0-RC4		2016-06-09T09:36:18Z	
2.0-RC5		2016-06-26T20:03:52Z	
2.0-RC6		2016-07-18T14:09:32Z	
2.0-RC7		2016-07-21T13:02:58Z	
2.0-RC8		2016-09-06T09:49:31Z	
2.0.1		2017-01-26T09:25:58Z	
2.1.0		2017-07-04T19:10:20Z	
2.1.0-RC1		2017-02-27T10:52:56Z	
2.1.0-RC10		2017-05-21T13:32:36Z	
2.1.0-RC11		2017-05-31T17:19:21Z	
2.1.0-RC12		2017-06-22T21:24:34Z	
2.1.0-RC2		2017-03-02T09:07:53Z	
2.1.0-RC3		2017-03-07T15:07:47Z	
2.1.0-RC4		2017-03-22T14:41:20Z	
2.1.0-RC5		2017-03-22T21:25:32Z	
2.1.0-RC6		2017-03-26T19:20:30Z	
2.1.0-RC7		2017-03-28T04:42:07Z	
2.1.0-RC8		2017-04-10T07:59:30Z	
2.1.0-RC9		2017-04-25T09:44:28Z	
2.1.1		2017-07-18T16:10:20Z	
2.1.2		2017-07-24T19:15:32Z	
2.1.3		2017-07-27T09:14:19Z	
2.3.0-RC1		2017-07-04T20:09:06Z	
2.3.0-RC10		2017-12-19T21:08:54Z	
2.3.0-RC11		2017-12-20T23:08:42Z	
2.3.0-RC12		2017-12-21T15:31:56Z	
2.3.0-RC2		2017-09-22T07:49:03Z	
2.3.0-RC3		2017-09-28T09:35:48Z	
2.3.0-RC4		2017-10-05T17:45:08Z	
2.3.0-RC5		2017-11-15T09:06:52Z	
2.3.0-RC6		2017-11-28T17:04:07Z	
2.3.0-RC7		2017-11-28T18:10:59Z	
2.3.0-RC8		2017-12-08T22:50:43Z	
2.3.0-RC9		2017-12-18T19:25:14Z	
2.4.0		2018-05-24T17:57:38Z	
2.4.0-RC1		2018-01-30T11:46:05Z	
2.4.0-RC2		2018-01-31T09:21:55Z	
2.4.0-RC3		2018-02-27T19:16:31Z	
2.4.0-RC4		2018-03-01T13:05:29Z	
2.4.0-RC5		2018-03-26T09:54:00Z	
2.4.0-RC6		2018-04-03T16:48:57Z	
2.4.0-RC7		2018-04-13T09:36:05Z	
2.4.0.1		2018-06-02T21:35:28Z	
2.4.0.2		2018-06-09T20:12:15Z	
2.5.0-M1		2018-05-24T14:37:02Z	
2.5.0-M10		2018-08-06T13:13:47Z	
2.5.0-M2		2018-06-07T22:26:55Z	
2.5.0-M3		2018-06-09T14:51:35Z	
2.5.0-M4		2018-06-17T21:58:08Z	
2.5.0-M5		2018-06-27T14:22:14Z	
2.5.0-M6		2018-07-05T10:46:06Z	
2.5.0-M7		2018-07-07T07:28:55Z	
2.5.0-M8		2018-07-09T10:47:59Z	
2.5.0-M9		2018-07-23T13:15:16Z	
