6.1.3	automatic	io.micronaut.oraclecloud	micronaut-oraclecloud-bmc-events
6.1.2	automatic	io.micronaut.oraclecloud	micronaut-oraclecloud-bmc-events
6.1.1	automatic	io.micronaut.oraclecloud	micronaut-oraclecloud-bmc-events
6.1.0	automatic	io.micronaut.oraclecloud	micronaut-oraclecloud-bmc-events
6.0.3	automatic	io.micronaut.oraclecloud	micronaut-oraclecloud-bmc-events
6.0.2	automatic	io.micronaut.oraclecloud	micronaut-oraclecloud-bmc-events
6.0.1	automatic	io.micronaut.oraclecloud	micronaut-oraclecloud-bmc-events
6.0.0	automatic	io.micronaut.oraclecloud	micronaut-oraclecloud-bmc-events
6.0.0-RC2	automatic	io.micronaut.oraclecloud	micronaut-oraclecloud-bmc-events
6.0.0-RC1	automatic	io.micronaut.oraclecloud	micronaut-oraclecloud-bmc-events
6.0.0-M2	automatic	io.micronaut.oraclecloud	micronaut-oraclecloud-bmc-events
6.0.0-M1	automatic	io.micronaut.oraclecloud	micronaut-oraclecloud-bmc-events
5.6.5	automatic	io.micronaut.oraclecloud	micronaut-oraclecloud-bmc-events
5.6.4	automatic	io.micronaut.oraclecloud	micronaut-oraclecloud-bmc-events
5.6.3	automatic	io.micronaut.oraclecloud	micronaut-oraclecloud-bmc-events
5.6.2	automatic	io.micronaut.oraclecloud	micronaut-oraclecloud-bmc-events
5.6.1	automatic	io.micronaut.oraclecloud	micronaut-oraclecloud-bmc-events
5.6.0	automatic	io.micronaut.oraclecloud	micronaut-oraclecloud-bmc-events
5.5.2	automatic	io.micronaut.oraclecloud	micronaut-oraclecloud-bmc-events
5.5.1	automatic	io.micronaut.oraclecloud	micronaut-oraclecloud-bmc-events
5.5.0	automatic	io.micronaut.oraclecloud	micronaut-oraclecloud-bmc-events
5.4.0	automatic	io.micronaut.oraclecloud	micronaut-oraclecloud-bmc-events
5.3.2	automatic	io.micronaut.oraclecloud	micronaut-oraclecloud-bmc-events
5.3.1	automatic	io.micronaut.oraclecloud	micronaut-oraclecloud-bmc-events
5.3.0	automatic	io.micronaut.oraclecloud	micronaut-oraclecloud-bmc-events
5.2.4	automatic	io.micronaut.oraclecloud	micronaut-oraclecloud-bmc-events
5.2.0	automatic	io.micronaut.oraclecloud	micronaut-oraclecloud-bmc-events
5.1.0	automatic	io.micronaut.oraclecloud	micronaut-oraclecloud-bmc-events
5.0.2	automatic	io.micronaut.oraclecloud	micronaut-oraclecloud-bmc-events
5.0.1	automatic	io.micronaut.oraclecloud	micronaut-oraclecloud-bmc-events
5.0.0	automatic	io.micronaut.oraclecloud	micronaut-oraclecloud-bmc-events
4.3.11	automatic	io.micronaut.oraclecloud	micronaut-oraclecloud-bmc-events
4.3.10	automatic	io.micronaut.oraclecloud	micronaut-oraclecloud-bmc-events
4.3.9	automatic	io.micronaut.oraclecloud	micronaut-oraclecloud-bmc-events
4.3.8	automatic	io.micronaut.oraclecloud	micronaut-oraclecloud-bmc-events
4.3.7	automatic	io.micronaut.oraclecloud	micronaut-oraclecloud-bmc-events
4.3.6	automatic	io.micronaut.oraclecloud	micronaut-oraclecloud-bmc-events
4.3.5	automatic	io.micronaut.oraclecloud	micronaut-oraclecloud-bmc-events
4.3.4	automatic	io.micronaut.oraclecloud	micronaut-oraclecloud-bmc-events
4.3.3	automatic	io.micronaut.oraclecloud	micronaut-oraclecloud-bmc-events
4.3.2	automatic	io.micronaut.oraclecloud	micronaut-oraclecloud-bmc-events
4.3.1	automatic	io.micronaut.oraclecloud	micronaut-oraclecloud-bmc-events
4.3.0	automatic	io.micronaut.oraclecloud	micronaut-oraclecloud-bmc-events
4.2.1	automatic	io.micronaut.oraclecloud	micronaut-oraclecloud-bmc-events
4.2.0	automatic	io.micronaut.oraclecloud	micronaut-oraclecloud-bmc-events
4.1.1	automatic	io.micronaut.oraclecloud	micronaut-oraclecloud-bmc-events
4.1.0	automatic	io.micronaut.oraclecloud	micronaut-oraclecloud-bmc-events
4.0.0	automatic	io.micronaut.oraclecloud	micronaut-oraclecloud-bmc-events
3.9.1	automatic	io.micronaut.oraclecloud	micronaut-oraclecloud-bmc-events
3.9.0	automatic	io.micronaut.oraclecloud	micronaut-oraclecloud-bmc-events
3.8.0	automatic	io.micronaut.oraclecloud	micronaut-oraclecloud-bmc-events
3.7.2	automatic	io.micronaut.oraclecloud	micronaut-oraclecloud-bmc-events
3.7.1	automatic	io.micronaut.oraclecloud	micronaut-oraclecloud-bmc-events
3.7.0	automatic	io.micronaut.oraclecloud	micronaut-oraclecloud-bmc-events
3.6.2	automatic	io.micronaut.oraclecloud	micronaut-oraclecloud-bmc-events
3.6.1	automatic	io.micronaut.oraclecloud	micronaut-oraclecloud-bmc-events
3.6.0	automatic	io.micronaut.oraclecloud	micronaut-oraclecloud-bmc-events
3.5.1	automatic	io.micronaut.oraclecloud	micronaut-oraclecloud-bmc-events
3.5.0	automatic	io.micronaut.oraclecloud	micronaut-oraclecloud-bmc-events
3.4.0	automatic	io.micronaut.oraclecloud	micronaut-oraclecloud-bmc-events
3.3.0	automatic	io.micronaut.oraclecloud	micronaut-oraclecloud-bmc-events
3.2.0	automatic	io.micronaut.oraclecloud	micronaut-oraclecloud-bmc-events
3.1.0	automatic	io.micronaut.oraclecloud	micronaut-oraclecloud-bmc-events
3.0.7	automatic	io.micronaut.oraclecloud	micronaut-oraclecloud-bmc-events
3.0.6	automatic	io.micronaut.oraclecloud	micronaut-oraclecloud-bmc-events
3.0.5	automatic	io.micronaut.oraclecloud	micronaut-oraclecloud-bmc-events
3.0.4	automatic	io.micronaut.oraclecloud	micronaut-oraclecloud-bmc-events
3.0.3	automatic	io.micronaut.oraclecloud	micronaut-oraclecloud-bmc-events
3.0.2	automatic	io.micronaut.oraclecloud	micronaut-oraclecloud-bmc-events
3.0.1	automatic	io.micronaut.oraclecloud	micronaut-oraclecloud-bmc-events
3.0.0	automatic	io.micronaut.oraclecloud	micronaut-oraclecloud-bmc-events
3.0.0-M14	automatic	io.micronaut.oraclecloud	micronaut-oraclecloud-bmc-events
3.0.0-M13	automatic	io.micronaut.oraclecloud	micronaut-oraclecloud-bmc-events
3.0.0-M12	automatic	io.micronaut.oraclecloud	micronaut-oraclecloud-bmc-events
3.0.0-M11	automatic	io.micronaut.oraclecloud	micronaut-oraclecloud-bmc-events
3.0.0-M10	automatic	io.micronaut.oraclecloud	micronaut-oraclecloud-bmc-events
3.0.0-M9	automatic	io.micronaut.oraclecloud	micronaut-oraclecloud-bmc-events
3.0.0-M8	automatic	io.micronaut.oraclecloud	micronaut-oraclecloud-bmc-events
3.0.0-M7	automatic	io.micronaut.oraclecloud	micronaut-oraclecloud-bmc-events
3.0.0-M6	automatic	io.micronaut.oraclecloud	micronaut-oraclecloud-bmc-events
3.0.0-M5	automatic	io.micronaut.oraclecloud	micronaut-oraclecloud-bmc-events
3.0.0-M4	automatic	io.micronaut.oraclecloud	micronaut-oraclecloud-bmc-events
3.0.0-M3	automatic	io.micronaut.oraclecloud	micronaut-oraclecloud-bmc-events
