1.0.0		2020-12-30T03:22:49Z	
1.0.1		2021-03-24T04:17:26Z	
3.14.8		2022-07-21T07:03:28Z	
3.14.8	shaded	2022-07-21T07:03:16Z	
3.15.0		2023-09-15T02:23:24Z	
3.15.0	shaded	2023-09-15T02:23:29Z	
3.15.1		2024-01-25T17:14:25Z	
3.15.1	shaded	2024-01-25T17:14:31Z	
3.16.0		2024-08-26T17:19:04Z	
3.16.0	shaded	2024-08-26T17:18:50Z	
4.0.0		2024-10-21T04:06:14Z	
4.0.0	shaded	2024-10-21T04:05:54Z	
5.0.0		2025-11-06T02:51:45Z	
5.0.0	shaded	2025-11-06T02:51:45Z	
5.0.1		2026-01-28T17:34:03Z	
5.0.1	shaded	2026-01-28T17:34:03Z	
5.0.2		2026-04-23T17:32:08Z	
5.0.2	shaded	2026-04-23T17:32:08Z	
5.0.3		2026-05-26T17:23:36Z	
5.0.3	shaded	2026-05-26T17:23:36Z	
5.0.4		2026-05-27T17:22:57Z	
5.0.4	shaded	2026-05-27T17:22:57Z	
