1.0.0		2023-03-13T18:11:50Z	
1.0.1		2023-03-23T18:33:10Z	
1.0.10		2023-10-23T13:36:06Z	
1.0.11		2023-11-06T20:14:38Z	
1.0.12		2023-12-01T10:35:05Z	
1.0.13		2024-01-08T14:39:34Z	
1.0.14		2024-02-01T14:51:11Z	
1.0.15		2024-03-11T09:51:36Z	
1.0.16		2024-03-11T10:48:51Z	
1.0.17		2024-03-26T16:15:26Z	
1.0.18		2024-04-30T14:50:55Z	
1.0.2		2023-04-12T07:50:34Z	
1.0.20		2024-07-26T13:52:09Z	
1.0.21		2024-09-29T15:55:47Z	
1.0.22		2024-12-10T20:21:37Z	
1.0.23		2025-02-03T17:57:55Z	
1.0.24		2025-04-10T07:11:53Z	
1.0.25		2025-05-28T09:27:48Z	
1.0.26		2025-06-04T20:01:56Z	
1.0.27		2025-07-14T20:23:51Z	
1.0.28		2025-08-08T09:37:14Z	
1.0.29		2025-08-25T14:31:54Z	
1.0.3		2023-05-26T06:34:59Z	
1.0.30		2025-09-25T18:47:34Z	
1.0.31		2025-11-06T10:12:49Z	
1.0.32		2025-11-09T13:37:26Z	
1.0.33		2026-01-18T17:34:27Z	
1.0.34		2026-03-07T16:29:00Z	
1.0.35		2026-05-26T06:32:20Z	
1.0.36		2026-05-29T20:21:29Z	
1.0.4		2023-06-27T08:35:53Z	
1.0.5		2023-07-10T09:12:17Z	
1.0.6		2023-08-16T08:22:21Z	
1.0.7		2023-08-24T09:33:46Z	
1.0.8		2023-09-25T08:07:57Z	
1.0.9		2023-10-03T14:11:38Z	
