8.37.0		2026-03-25T10:58:34Z	
8.37.1		2026-03-26T10:38:26Z	
8.38.0		2026-04-08T15:26:21Z	
8.39.0		2026-04-16T14:02:12Z	
8.39.1		2026-04-17T07:32:55Z	
8.40.0		2026-04-22T16:08:23Z	
8.41.0		2026-05-06T21:58:14Z	
8.42.0		2026-05-20T12:36:26Z	
8.43.0		2026-05-27T15:50:42Z	
8.43.1		2026-06-03T21:23:16Z	
8.43.2		2026-06-10T17:36:55Z	
8.43.3		2026-06-24T12:12:17Z	
8.44.0		2026-06-17T14:14:12Z	
8.44.1		2026-06-19T13:35:48Z	
8.45.0		2026-06-24T15:49:38Z	
8.46.0		2026-06-25T14:50:19Z	
8.47.0		2026-07-02T10:11:03Z	
8.48.0			
8.49.0			
8.50.0			
8.50.1			
