2.4.1		2017-10-04T06:00:07Z	
2.4.2		2017-10-27T16:03:53Z	
2.4.3		2017-12-06T15:13:03Z	
2.5.0		2017-12-15T16:02:14Z	
2.5.0-beta		2017-12-08T20:27:50Z	
2.5.0-beta2		2017-12-15T01:03:33Z	
2.5.1		2017-12-18T14:53:51Z	
2.5.2		2017-12-21T14:58:49Z	
2.6.0		2018-04-11T13:13:42Z	
2.6.1		2018-04-26T10:01:39Z	
2.6.2		2018-05-09T07:45:05Z	
2.6.3		2018-08-27T10:24:19Z	
2.6.4		2018-09-04T18:59:24Z	
2.7.0		2019-03-11T01:25:32Z	
2.7.7		2020-03-02T10:37:13Z	
2.7.8		2021-04-02T11:44:37Z	
2.8.10		2023-01-30T06:44:00Z	
2.8.11		2023-02-03T18:38:44Z	
2.8.2		2021-04-30T15:24:50Z	
2.8.3		2021-05-03T23:53:39Z	
2.8.4		2022-02-18T11:44:11Z	
2.8.6		2022-09-19T08:17:18Z	
2.8.7		2022-11-01T20:50:19Z	
2.8.8		2023-01-26T06:56:36Z	
2.9.0		2026-05-08T15:27:00Z	
2.9.1		2026-05-13T04:45:27Z	
