5.0.0		2025-05-14T13:13:31Z	
5.0.0.CR1		2024-11-08T14:43:05Z	
5.0.0.CR2		2024-11-22T13:51:17Z	
5.0.0.CR3		2024-12-11T07:46:40Z	
5.0.0.CR4		2025-01-29T10:21:52Z	
5.0.0.CR5		2025-02-12T09:12:43Z	
5.0.0.CR6		2025-04-07T09:01:09Z	
5.0.0.CR7		2025-04-23T08:41:44Z	
5.0.0.CR8		2025-05-07T11:24:12Z	
5.0.1		2025-06-24T08:58:04Z	
5.0.10		2026-03-26T13:38:52Z	
5.0.11		2026-04-17T14:13:20Z	
5.0.12		2026-05-05T11:29:06Z	
5.0.2		2025-08-05T10:36:48Z	
5.0.3		2025-08-13T14:37:39Z	
5.0.4		2025-09-03T14:59:39Z	
5.0.5		2025-10-22T12:40:36Z	
5.0.6		2025-12-15T15:43:55Z	
5.0.7		2026-01-15T10:31:09Z	
5.0.8		2026-02-16T09:49:06Z	
5.0.9		2026-03-25T09:08:48Z	
5.1.0		2026-05-26T07:25:18Z	
5.1.1		2026-06-02T09:36:19Z	
5.1.2		2026-06-08T15:34:31Z	
5.1.3		2026-06-22T20:23:52Z	
