0.0.2		2026-02-06T22:21:21Z	
0.0.4		2026-02-17T15:44:59Z	
0.0.5		2026-02-17T20:38:56Z	
0.1.1		2026-02-04T10:40:47Z	
0.10.0		2026-05-08T14:01:56Z	
0.10.1		2026-05-08T20:50:51Z	
0.10.2		2026-05-13T00:28:50Z	
0.10.3		2026-05-15T21:44:54Z	
0.10.4		2026-05-18T12:46:26Z	
0.10.5		2026-05-18T14:05:10Z	
0.11.0		2026-05-27T12:34:00Z	
0.12.0		2026-06-05T04:42:02Z	
0.2.0		2026-03-11T10:57:27Z	
0.2.1		2026-03-12T12:58:50Z	
0.2.2		2026-03-24T17:38:19Z	
0.2.3		2026-03-26T20:28:30Z	
0.2.4		2026-03-27T23:20:47Z	
0.3.0		2026-04-22T00:34:07Z	
0.4.0		2026-04-22T19:11:42Z	
0.5.0		2026-04-26T11:55:05Z	
0.5.1		2026-04-27T09:06:49Z	
0.5.2		2026-04-27T16:03:53Z	
0.5.3		2026-04-27T19:31:34Z	
0.5.4		2026-04-28T00:06:19Z	
0.5.5		2026-04-28T10:07:00Z	
0.5.6		2026-04-28T11:21:56Z	
0.6.0		2026-04-29T12:20:35Z	
0.7.0		2026-04-29T12:22:16Z	
0.8.0		2026-04-29T21:18:25Z	
0.8.1		2026-04-29T21:13:02Z	
0.8.2		2026-04-30T23:50:19Z	
0.8.3		2026-05-02T02:08:16Z	
0.8.4		2026-05-03T12:50:04Z	
0.8.5		2026-05-03T22:47:00Z	
0.9.0		2026-05-05T23:37:33Z	
0.9.1		2026-05-05T23:48:23Z	
0.9.2		2026-05-06T07:45:34Z	
0.9.3		2026-05-06T12:50:06Z	
