.5.2.0			
2.0.0		2020-09-04T11:26:15Z	
2.1.0		2020-09-04T14:40:24Z	
2.1.1		2020-10-13T11:09:42Z	
2.2.0		2020-11-13T10:29:26Z	
2.2.1		2020-12-10T17:25:05Z	
2.2.2		2020-12-29T18:14:55Z	
2.3.0		2020-12-11T09:41:09Z	
2.3.1		2021-01-27T16:15:29Z	
2.4.0		2021-04-23T14:02:31Z	
2.5.0		2021-05-19T11:06:26Z	
2.6.0		2021-07-20T08:50:34Z	
2.6.1		2021-08-06T15:46:36Z	
2.6.2		2021-08-16T14:12:52Z	
3.0.0		2021-08-06T16:04:22Z	
3.0.1		2021-08-16T14:21:36Z	
3.0.2		2021-09-06T14:38:20Z	
3.0.3		2021-09-08T14:12:40Z	
3.0.4		2021-09-27T10:27:25Z	
3.1.0		2021-10-05T09:22:29Z	
3.2.0		2021-11-04T15:14:18Z	
4.0.0		2022-01-25T09:44:11Z	
4.0.1		2022-04-14T12:49:39Z	
4.1.0		2022-05-23T06:28:28Z	
4.10.0		2023-08-06T09:08:16Z	
4.2.0		2022-05-23T09:55:28Z	
4.2.1		2022-05-23T13:43:28Z	
4.2.2		2022-05-30T16:48:39Z	
4.3.0		2022-05-31T09:36:50Z	
4.4.0		2022-07-11T13:55:52Z	
4.4.1		2022-07-20T06:34:20Z	
4.4.2		2022-07-25T07:40:16Z	
4.4.3		2022-07-29T10:27:17Z	
4.5.0		2022-09-14T10:14:16Z	
4.5.1		2022-09-15T10:24:04Z	
4.5.2		2022-09-20T15:02:30Z	
4.6.0		2022-11-03T12:36:16Z	
4.7.0		2022-11-16T11:30:15Z	
4.7.1		2022-11-18T16:20:51Z	
4.8.0		2022-12-07T15:49:01Z	
4.8.1		2022-12-16T20:19:08Z	
4.8.2		2023-01-24T11:26:34Z	
4.8.3		2023-02-06T14:37:17Z	
4.8.4		2023-02-13T14:58:56Z	
4.8.5		2023-03-10T12:05:55Z	
4.8.6		2023-03-29T15:32:39Z	
4.8.7		2023-04-17T10:40:24Z	
4.9.0		2023-05-29T11:03:59Z	
4.9.1		2023-06-15T10:55:21Z	
4.9.2		2023-06-21T12:07:23Z	
5.0.0		2023-07-12T09:25:54Z	
5.0.0-M1		2023-03-24T08:58:53Z	
5.0.0-M10		2023-07-04T15:57:04Z	
5.0.0-M11		2023-07-05T08:04:55Z	
5.0.0-M12		2023-07-06T09:34:38Z	
5.0.0-M2		2023-05-01T08:31:14Z	
5.0.0-M3		2023-05-19T20:35:35Z	
5.0.0-M4		2023-05-30T14:38:48Z	
5.0.0-M5		2023-06-04T13:29:06Z	
5.0.0-M6		2023-06-14T13:12:05Z	
5.0.0-M7		2023-06-20T07:50:39Z	
5.0.0-M8		2023-06-21T11:26:34Z	
5.0.0-M9		2023-06-26T14:47:53Z	
5.0.1		2023-07-13T15:22:44Z	
5.1.0		2023-08-07T13:10:35Z	
5.1.1		2023-08-31T09:44:05Z	
5.2.0		2023-11-05T16:30:30Z	
6.0.0		2023-11-09T09:29:10Z	
6.0.1		2023-11-11T08:40:46Z	
6.1.0		2023-11-13T10:27:00Z	
6.10.0		2024-05-30T08:01:45Z	
6.11.0		2024-06-01T11:30:52Z	
6.11.1		2024-07-22T18:57:37Z	
6.12.0		2024-08-22T16:05:04Z	
6.12.1		2024-08-23T07:29:52Z	
6.12.2		2024-08-23T11:00:15Z	
6.12.3		2024-09-05T15:25:51Z	
6.13.0		2024-10-18T14:08:45Z	
6.13.1		2024-11-08T09:47:43Z	
6.13.2		2024-11-20T15:42:05Z	
6.14.0		2025-03-06T12:43:05Z	
6.15.0		2025-03-14T10:48:46Z	
6.16.0		2025-05-27T13:07:49Z	
6.16.1		2025-06-06T21:08:23Z	
6.16.2		2025-06-08T09:29:25Z	
6.17.0		2025-06-20T11:47:52Z	
6.17.1		2025-06-25T14:10:16Z	
6.17.2		2025-07-03T09:53:21Z	
6.17.3		2025-07-08T08:44:24Z	
6.18.0		2025-09-05T06:25:49Z	
6.18.1		2025-09-17T15:43:31Z	
6.19.0		2025-10-15T06:02:46Z	
6.19.1		2025-10-19T12:15:12Z	
6.19.2		2025-10-27T19:02:56Z	
6.19.3		2025-11-04T16:34:57Z	
6.2.0		2023-11-23T15:27:12Z	
6.2.1		2023-11-24T12:53:31Z	
6.2.2		2023-11-29T15:49:29Z	
6.20.0		2026-03-02T11:08:18Z	
6.3.0		2023-12-04T08:22:55Z	
6.4.0		2024-01-08T10:01:53Z	
6.5.0		2024-01-25T11:15:46Z	
6.5.1		2024-01-30T10:44:32Z	
6.6.0		2024-02-21T11:42:13Z	
6.6.1		2024-02-22T04:51:52Z	
6.6.2		2024-02-22T14:00:21Z	
6.6.3		2024-03-04T15:51:46Z	
6.7.0		2024-03-28T15:58:48Z	
6.8.0		2024-04-08T07:50:31Z	
6.9.0		2024-04-24T10:54:41Z	
6.9.1		2024-04-25T05:10:08Z	
7.0.0		2026-05-18T16:04:31Z	
7.0.0-M1		2026-03-10T13:53:49Z	
7.0.0-M2		2026-04-21T11:03:56Z	
7.0.0-RC1		2026-05-09T17:22:10Z	
