1.1.0.CR1		2019-12-10T11:57:25Z	
1.1.0.Final		2019-12-17T09:04:08Z	
1.1.1.Final		2020-01-07T06:32:59Z	
1.10.0.CR1		2020-11-10T23:33:15Z	
1.10.0.Final		2020-11-19T10:03:33Z	
1.10.1.Final		2020-11-25T12:47:17Z	
1.10.2.Final		2020-11-30T17:53:57Z	
1.10.3.Final		2020-12-07T23:43:26Z	
1.10.4.Final		2020-12-15T19:14:39Z	
1.10.5.Final		2020-12-16T23:25:25Z	
1.11.0.Beta1		2020-12-17T12:19:05Z	
1.11.0.Beta2		2020-12-24T15:51:02Z	
1.11.0.CR1		2021-01-06T23:43:12Z	
1.11.0.Final		2021-01-13T23:46:44Z	
1.11.1.Final		2021-01-27T12:25:21Z	
1.11.2.Final		2021-02-09T10:06:25Z	
1.11.3.Final		2021-02-11T16:25:23Z	
1.11.4.Final		2021-02-25T10:11:21Z	
1.11.5.Final		2021-02-26T13:47:48Z	
1.11.6.Final		2021-03-10T11:19:21Z	
1.11.7.Final		2021-05-19T09:47:00Z	
1.12.0.CR1		2021-02-10T16:35:46Z	
1.12.0.Final		2021-02-17T12:27:45Z	
1.12.1.Final		2021-03-03T12:17:48Z	
1.12.2.Final		2021-03-11T10:30:58Z	
1.13.0.CR1		2021-03-17T14:40:53Z	
1.13.0.Final		2021-03-24T13:51:11Z	
1.13.1.Final		2021-04-07T15:09:40Z	
1.13.2.Final		2021-04-14T12:50:52Z	
1.13.3.Final		2021-04-28T09:31:22Z	
1.13.4.Final		2021-05-12T13:22:08Z	
1.13.5.Final		2021-05-26T08:48:31Z	
1.13.6.Final		2021-05-27T13:17:14Z	
1.13.7.Final		2021-06-09T09:56:05Z	
1.2.0.CR1		2020-01-21T09:20:35Z	
1.2.0.Final		2020-01-23T08:55:47Z	
1.2.1.Final		2020-02-19T08:53:14Z	
1.3.0.Alpha1		2020-02-05T21:14:36Z	
1.3.0.Alpha2		2020-02-17T10:51:04Z	
1.3.0.CR1		2020-03-06T01:05:23Z	
1.3.0.CR2		2020-03-09T23:00:42Z	
1.3.0.Final		2020-03-13T07:21:30Z	
1.3.1.Final		2020-03-27T21:54:11Z	
1.3.2.Final		2020-04-07T22:55:56Z	
1.3.3.Final		2020-05-21T11:10:30Z	
1.3.4.Final		2020-06-03T02:03:14Z	
1.4.0.CR1		2020-04-15T00:51:44Z	
1.4.0.Final		2020-04-23T08:56:05Z	
1.4.1.Final		2020-04-24T13:12:08Z	
1.4.2.Final		2020-05-05T09:26:04Z	
1.5.0.CR1		2020-05-20T18:33:42Z	
1.5.0.Final		2020-05-27T06:28:40Z	
1.5.1.Final		2020-06-11T14:59:16Z	
1.5.2.Final		2020-06-18T16:02:54Z	
1.6.0.CR1		2020-06-26T01:40:42Z	
1.6.0.Final		2020-07-02T11:41:43Z	
1.6.1.Final		2020-07-21T09:30:55Z	
1.7.0.CR1		2020-07-31T15:41:12Z	
1.7.0.CR2		2020-08-04T21:28:16Z	
1.7.0.Final		2020-08-07T09:22:41Z	
1.7.1.Final		2020-08-26T12:37:46Z	
1.7.2.Final		2020-09-03T11:35:16Z	
1.7.3.Final		2020-09-09T08:01:33Z	
1.7.4.Final		2020-09-26T15:57:41Z	
1.7.5.Final		2020-09-28T21:33:12Z	
1.7.6.Final		2020-12-16T10:09:47Z	
1.8.0.CR1		2020-09-02T16:15:36Z	
1.8.0.Final		2020-09-09T10:51:51Z	
1.8.1.Final		2020-09-18T08:45:35Z	
1.8.2.Final		2020-10-06T14:36:16Z	
1.8.3.Final		2020-10-09T11:36:39Z	
1.9.0.CR1		2020-10-07T19:39:26Z	
1.9.0.Final		2020-10-14T13:26:12Z	
1.9.1.Final		2020-10-28T12:46:51Z	
1.9.2.Final		2020-11-05T11:03:29Z	
2.0.0.Alpha1		2021-04-21T17:07:26Z	
2.0.0.Alpha2		2021-05-05T15:46:58Z	
2.0.0.Alpha3		2021-05-20T13:59:34Z	
2.0.0.CR1		2021-05-26T15:45:10Z	
2.0.0.CR2		2021-05-27T14:14:21Z	
2.0.0.CR3		2021-06-04T10:43:00Z	
2.0.0.Final		2021-06-23T10:03:26Z	
2.0.1.Final		2021-07-06T12:16:21Z	
2.0.2.Final		2021-07-13T14:34:24Z	
2.0.3.Final		2021-07-21T13:18:36Z	
2.1.0.CR1		2021-07-15T10:17:14Z	
2.1.0.Final		2021-07-22T12:12:04Z	
2.1.1.Final		2021-08-04T09:56:58Z	
2.1.2.Final		2021-08-11T10:22:44Z	
2.1.3.Final		2021-08-19T10:20:25Z	
2.1.4.Final		2021-08-26T10:45:15Z	
2.10.0.CR1		2022-06-09T14:21:56Z	
2.10.0.Final		2022-06-15T15:13:47Z	
2.10.1.Final		2022-06-29T09:39:10Z	
2.10.2.Final		2022-07-06T10:01:40Z	
2.10.3.Final		2022-07-19T09:00:10Z	
2.10.4.Final		2022-07-26T22:32:05Z	
2.11.0.CR1		2022-07-13T11:24:47Z	
2.11.0.Final		2022-07-20T12:28:06Z	
2.11.1.Final		2022-07-27T09:21:27Z	
2.11.2.Final		2022-08-04T10:03:54Z	
2.11.3.Final		2022-08-23T23:26:05Z	
2.12.0.CR1		2022-08-17T10:39:35Z	
2.12.0.Final		2022-08-24T16:48:39Z	
2.12.1.Final		2022-09-07T09:37:58Z	
2.12.2.Final		2022-09-13T10:33:56Z	
2.12.3.Final		2022-09-20T12:53:00Z	
2.13.0.CR1		2022-09-14T08:37:11Z	
2.13.0.Final		2022-09-21T12:12:14Z	
2.13.1.Final		2022-10-05T11:16:07Z	
2.13.2.Final		2022-10-12T11:05:39Z	
2.13.3.Final		2022-10-19T10:12:51Z	
2.13.4.Final		2022-11-07T11:30:53Z	
2.13.5.Final		2022-11-25T10:53:42Z	
2.13.6.Final		2022-12-19T13:52:17Z	
2.13.7.Final		2023-01-19T10:05:23Z	
2.13.8.Final		2023-05-25T09:23:10Z	
2.13.9.Final		2023-11-21T10:11:32Z	
2.14.0.CR1		2022-10-26T10:09:28Z	
2.14.0.Final		2022-11-02T10:50:40Z	
2.14.1.Final		2022-11-16T10:28:20Z	
2.14.2.Final		2022-11-25T10:14:26Z	
2.14.3.Final		2022-12-06T11:24:58Z	
2.15.0.CR1		2022-11-30T11:26:45Z	
2.15.0.Final		2022-12-07T10:20:47Z	
2.15.1.Final		2022-12-21T12:01:48Z	
2.15.2.Final		2023-01-04T11:58:32Z	
2.15.3.Final		2023-01-10T11:32:19Z	
2.16.0.CR1		2023-01-11T12:01:27Z	
2.16.0.Final		2023-01-18T11:55:57Z	
2.16.1.Final		2023-02-01T11:17:54Z	
2.16.10.Final		2023-08-25T14:03:09Z	
2.16.11.Final		2023-09-13T22:20:32Z	
2.16.12.Final		2023-10-16T17:13:38Z	
2.16.2.Final		2023-02-08T11:33:07Z	
2.16.3.Final		2023-02-16T11:39:31Z	
2.16.4.Final		2023-03-02T11:09:19Z	
2.16.5.Final		2023-03-21T17:42:45Z	
2.16.6.Final		2023-04-03T15:29:15Z	
2.16.7.Final		2023-05-04T14:27:55Z	
2.16.8.Final		2023-07-04T12:51:10Z	
2.16.9.Final		2023-07-29T12:43:58Z	
2.2.0.CR1		2021-08-18T10:57:51Z	
2.2.0.Final		2021-08-25T09:59:22Z	
2.2.1.Final		2021-08-31T08:26:06Z	
2.2.2.Final		2021-09-07T13:47:34Z	
2.2.3.Final		2021-09-11T09:06:58Z	
2.2.4.Final		2021-12-15T08:26:43Z	
2.2.5.Final		2021-12-21T12:12:53Z	
2.3.0.CR1		2021-09-22T09:05:43Z	
2.3.0.Final		2021-09-29T15:18:11Z	
2.3.1.Final		2021-10-19T18:29:44Z	
2.4.0.CR1		2021-10-11T11:26:49Z	
2.4.0.Final		2021-10-20T08:42:34Z	
2.4.1.Final		2021-11-03T10:46:50Z	
2.4.2.Final		2021-11-11T21:27:18Z	
2.5.0.CR1		2021-11-10T15:43:35Z	
2.5.0.Final		2021-11-17T09:21:58Z	
2.5.1.Final		2021-12-01T11:29:45Z	
2.5.2.Final		2021-12-10T11:44:40Z	
2.5.3.Final		2021-12-15T14:24:08Z	
2.5.4.Final		2021-12-17T19:01:42Z	
2.6.0.CR1		2021-12-08T09:30:53Z	
2.6.0.Final		2021-12-15T12:09:07Z	
2.6.1.Final		2021-12-24T08:12:10Z	
2.6.2.Final		2022-01-10T12:55:14Z	
2.6.3.Final		2022-01-20T10:08:11Z	
2.7.0.CR1		2022-01-19T11:27:29Z	
2.7.0.Final		2022-01-26T13:51:11Z	
2.7.1.Final		2022-02-08T10:26:20Z	
2.7.2.Final		2022-02-22T15:43:10Z	
2.7.3.Final		2022-03-02T12:35:01Z	
2.7.4.Final		2022-03-09T15:43:13Z	
2.7.5.Final		2022-03-16T00:05:40Z	
2.7.6.Final		2022-05-30T09:22:48Z	
2.7.7.Final		2023-01-26T10:47:31Z	
2.8.0.CR1		2022-03-23T11:46:01Z	
2.8.0.Final		2022-03-30T12:04:32Z	
2.8.1.Final		2022-04-19T10:24:34Z	
2.8.2.Final		2022-04-26T11:21:53Z	
2.8.3.Final		2022-05-06T10:34:55Z	
2.9.0.CR1		2022-04-27T10:43:56Z	
2.9.0.Final		2022-05-04T10:05:23Z	
2.9.1.Final		2022-05-17T09:53:49Z	
2.9.2.Final		2022-05-25T09:51:49Z	
3.0.0.Alpha1		2022-10-25T16:38:43Z	
3.0.0.Alpha2		2022-12-06T20:13:04Z	
3.0.0.Alpha3		2023-01-19T14:58:47Z	
3.0.0.Alpha4		2023-02-09T12:45:29Z	
3.0.0.Alpha5		2023-03-08T08:38:53Z	
3.0.0.Alpha6		2023-03-15T09:52:27Z	
3.0.0.Beta1		2023-03-22T12:37:05Z	
3.0.0.CR1		2023-03-30T12:57:53Z	
3.0.0.CR2		2023-04-05T09:54:55Z	
3.0.0.Final		2023-04-12T09:53:17Z	
3.0.1.Final		2023-04-25T17:21:23Z	
3.0.2.Final		2023-05-03T09:42:49Z	
3.0.3.Final		2023-05-10T09:31:09Z	
3.0.4.Final		2023-05-24T13:03:10Z	
3.1.0.CR1		2023-05-17T10:37:12Z	
3.1.0.Final		2023-05-24T11:43:27Z	
3.1.1.Final		2023-06-07T09:34:30Z	
3.1.2.Final		2023-06-15T10:43:08Z	
3.1.3.Final		2023-06-28T13:45:40Z	
3.10.0		2024-04-23T16:50:26Z	
3.10.0.CR1		2024-04-16T14:17:28Z	
3.10.1		2024-05-15T11:05:11Z	
3.10.2		2024-05-22T11:42:17Z	
3.11.0		2024-05-22T11:59:32Z	
3.11.0.CR1		2024-05-15T12:30:58Z	
3.11.1		2024-06-05T10:56:17Z	
3.11.2		2024-06-12T16:51:35Z	
3.11.3		2024-06-19T10:15:00Z	
3.12.0		2024-06-19T09:56:52Z	
3.12.0.CR1		2024-06-12T10:22:06Z	
3.12.1		2024-07-03T10:54:45Z	
3.12.2		2024-07-10T09:38:33Z	
3.12.3		2024-07-17T10:05:33Z	
3.13.0		2024-07-24T09:44:31Z	
3.13.0.CR1		2024-07-17T10:42:36Z	
3.13.1		2024-08-07T12:05:28Z	
3.13.2		2024-08-09T09:56:07Z	
3.13.3		2024-08-20T09:36:10Z	
3.14.0		2024-08-21T10:16:00Z	
3.14.0.CR1		2024-08-14T10:17:57Z	
3.14.1		2024-08-28T08:49:02Z	
3.14.2		2024-09-04T09:25:04Z	
3.14.3		2024-09-11T10:10:53Z	
3.14.4		2024-09-14T10:48:44Z	
3.15.0		2024-09-18T11:23:16Z	
3.15.0.CR1		2024-09-11T10:20:03Z	
3.15.1		2024-09-25T22:04:18Z	
3.15.2		2024-11-18T11:26:08Z	
3.15.3		2025-01-14T10:06:24Z	
3.15.3.1		2025-02-27T11:26:16Z	
3.15.4		2025-03-11T11:27:23Z	
3.15.5		2025-05-13T09:39:29Z	
3.15.6		2025-07-16T13:25:22Z	
3.15.6.1		2025-08-18T08:37:42Z	
3.15.6.2		2025-08-29T09:12:40Z	
3.15.7		2025-09-17T08:48:17Z	
3.16.0		2024-10-23T15:57:24Z	
3.16.0.CR1		2024-10-16T11:13:48Z	
3.16.1		2024-10-30T09:53:55Z	
3.16.2		2024-11-06T11:42:09Z	
3.16.3		2024-11-13T11:20:46Z	
3.16.4		2024-11-20T11:34:50Z	
3.17.0		2024-11-20T11:36:54Z	
3.17.0.CR1		2024-11-13T11:34:17Z	
3.17.1		2024-11-28T11:53:00Z	
3.17.2		2024-11-28T21:09:06Z	
3.17.3		2024-12-04T12:54:49Z	
3.17.4		2024-12-11T09:40:42Z	
3.17.5		2024-12-19T11:51:34Z	
3.17.6		2025-01-08T12:13:42Z	
3.17.7		2025-01-15T12:07:16Z	
3.17.8		2025-01-22T12:13:08Z	
3.18.0		2025-01-22T17:43:58Z	
3.18.0.CR1		2025-01-15T12:09:43Z	
3.18.1		2025-01-29T11:23:32Z	
3.18.2		2025-02-05T10:49:43Z	
3.18.3		2025-02-12T11:04:54Z	
3.18.4		2025-02-19T12:03:00Z	
3.19.0		2025-02-19T12:00:43Z	
3.19.0.CR1		2025-02-12T11:08:26Z	
3.19.1		2025-02-26T11:35:21Z	
3.19.2		2025-03-05T09:45:53Z	
3.19.3		2025-03-12T12:43:40Z	
3.19.4		2025-03-19T11:20:47Z	
3.2.0.CR1		2023-06-21T10:50:54Z	
3.2.0.Final		2023-06-28T17:26:52Z	
3.2.1.Final		2023-07-19T10:20:49Z	
3.2.10.Final		2024-01-25T18:59:20Z	
3.2.11.Final		2024-03-14T14:50:12Z	
3.2.12.Final		2024-04-16T12:46:30Z	
3.2.2.Final		2023-07-21T13:06:37Z	
3.2.3.Final		2023-08-02T11:13:28Z	
3.2.4.Final		2023-08-11T11:49:08Z	
3.2.5.Final		2023-08-27T13:13:12Z	
3.2.6.Final		2023-09-13T22:07:58Z	
3.2.7.Final		2023-10-18T15:12:18Z	
3.2.8.Final		2023-11-08T11:46:09Z	
3.2.9.Final		2023-11-17T14:42:52Z	
3.20.0		2025-03-19T11:55:51Z	
3.20.0.CR1		2025-03-12T12:54:54Z	
3.20.1		2025-05-13T09:56:55Z	
3.20.2		2025-07-16T13:22:04Z	
3.20.2.1		2025-08-18T08:40:15Z	
3.20.2.2		2025-08-29T09:24:55Z	
3.20.3		2025-09-17T08:48:25Z	
3.20.4		2025-11-12T12:16:24Z	
3.20.5		2026-01-14T10:26:24Z	
3.20.6		2026-03-18T10:32:00Z	
3.20.6.1		2026-05-04T11:41:48Z	
3.21.0		2025-03-19T11:30:08Z	
3.21.0.CR1		2025-03-12T13:37:30Z	
3.21.1		2025-04-02T10:48:50Z	
3.21.2		2025-04-09T10:18:02Z	
3.21.3		2025-04-16T09:56:32Z	
3.21.4		2025-04-23T15:08:06Z	
3.22.0		2025-04-23T14:41:00Z	
3.22.0.CR1		2025-04-16T10:40:47Z	
3.22.1		2025-04-30T09:09:28Z	
3.22.2		2025-05-07T10:34:20Z	
3.22.3		2025-05-14T11:00:40Z	
3.23.0		2025-05-22T12:58:26Z	
3.23.0.CR1		2025-05-15T08:57:35Z	
3.23.1		2025-06-04T11:25:10Z	
3.23.2		2025-06-04T18:51:17Z	
3.23.3		2025-06-11T10:10:05Z	
3.23.4		2025-06-19T08:19:25Z	
3.24.0		2025-06-19T08:21:40Z	
3.24.0.CR1		2025-06-11T14:55:30Z	
3.24.1		2025-06-25T09:51:07Z	
3.24.2		2025-07-02T06:47:58Z	
3.24.3		2025-07-09T09:20:00Z	
3.24.4		2025-07-17T15:01:26Z	
3.24.5		2025-07-23T09:22:31Z	
3.25.0		2025-07-23T09:27:49Z	
3.25.0.CR1		2025-07-16T12:11:42Z	
3.25.1		2025-08-06T14:09:41Z	
3.25.2		2025-08-08T12:50:42Z	
3.25.3		2025-08-13T12:19:58Z	
3.25.4		2025-08-20T09:29:35Z	
3.26.0		2025-08-20T10:13:11Z	
3.26.0.CR1		2025-08-13T12:36:01Z	
3.26.1		2025-08-29T09:32:28Z	
3.26.2		2025-09-03T09:40:51Z	
3.26.3		2025-09-09T12:59:32Z	
3.26.4		2025-09-17T09:30:20Z	
3.27.0		2025-09-17T09:29:09Z	
3.27.0.CR1		2025-09-09T13:26:15Z	
3.27.1		2025-11-12T12:31:35Z	
3.27.2		2026-01-14T10:42:31Z	
3.27.3		2026-03-18T10:37:01Z	
3.27.3.1		2026-05-04T11:47:03Z	
3.28.0		2025-09-17T09:25:44Z	
3.28.0.CR1		2025-09-10T07:03:52Z	
3.28.1		2025-09-24T11:07:46Z	
3.28.2		2025-10-01T13:08:55Z	
3.28.3		2025-10-09T10:59:05Z	
3.28.4		2025-10-16T10:46:00Z	
3.28.5		2025-10-22T10:39:09Z	
3.29.0		2025-10-22T14:07:16Z	
3.29.0.CR1		2025-10-15T20:16:04Z	
3.29.1		2025-11-05T15:10:26Z	
3.29.2		2025-11-08T10:58:56Z	
3.29.3		2025-11-13T15:55:13Z	
3.29.4		2025-11-19T15:34:20Z	
3.3.0		2023-08-16T12:37:20Z	
3.3.0.CR1		2023-08-09T09:38:01Z	
3.3.1		2023-08-28T17:26:39Z	
3.3.2		2023-09-05T13:17:55Z	
3.3.3		2023-09-13T22:11:26Z	
3.30.0		2025-11-19T15:41:13Z	
3.30.0.CR1		2025-11-12T14:01:37Z	
3.30.1		2025-11-26T11:05:25Z	
3.30.2		2025-12-03T11:12:49Z	
3.30.3		2025-12-10T10:44:54Z	
3.30.4		2025-12-17T13:47:49Z	
3.30.5		2025-12-24T09:46:29Z	
3.30.6		2026-01-07T10:35:09Z	
3.30.7		2026-01-21T10:55:37Z	
3.30.8		2026-01-22T22:24:48Z	
3.31.0		2026-01-21T10:57:57Z	
3.31.0.CR1		2026-01-14T14:30:14Z	
3.31.1		2026-01-28T11:30:13Z	
3.31.2		2026-02-04T10:32:02Z	
3.31.3		2026-02-11T11:11:02Z	
3.31.4		2026-02-18T11:48:09Z	
3.32.0		2026-02-18T11:45:46Z	
3.32.0.CR1		2026-02-11T11:25:41Z	
3.32.1		2026-02-25T10:12:48Z	
3.32.2		2026-03-04T14:14:16Z	
3.32.3		2026-03-11T07:57:11Z	
3.32.4		2026-03-18T12:08:04Z	
3.33.0		2026-03-18T12:13:36Z	
3.33.0.CR1		2026-03-11T14:52:55Z	
3.33.1		2026-03-25T09:37:25Z	
3.33.1.1		2026-05-04T11:32:52Z	
3.34.0		2026-03-18T12:06:53Z	
3.34.0.CR1		2026-03-12T16:28:34Z	
3.34.1		2026-03-25T09:45:30Z	
3.34.2		2026-04-01T18:10:06Z	
3.34.3		2026-04-08T11:17:10Z	
3.34.4		2026-04-15T08:19:58Z	
3.34.5		2026-04-16T15:09:45Z	
3.34.6		2026-04-22T10:52:16Z	
3.34.7		2026-05-04T13:39:56Z	
3.35.0		2026-04-22T17:09:32Z	
3.35.0.CR1		2026-04-16T17:49:04Z	
3.35.1		2026-04-30T15:40:15Z	
3.35.2		2026-05-04T13:35:15Z	
3.35.3		2026-05-13T09:57:40Z	
3.36.0.CR1		2026-05-13T10:15:59Z	
3.4.0		2023-09-13T09:26:24Z	
3.4.0.CR1		2023-09-06T09:25:56Z	
3.4.1		2023-09-20T10:31:09Z	
3.4.2		2023-10-04T10:32:54Z	
3.4.3		2023-10-12T14:13:54Z	
3.5.0		2023-10-18T12:41:22Z	
3.5.0.CR1		2023-10-11T10:09:00Z	
3.5.1		2023-11-08T11:32:24Z	
3.5.2		2023-11-16T11:18:34Z	
3.5.3		2023-11-21T10:35:15Z	
3.6.0		2023-11-22T12:47:44Z	
3.6.0.CR1		2023-11-15T10:11:54Z	
3.6.1		2023-12-05T16:15:56Z	
3.6.2		2023-12-12T11:42:20Z	
3.6.3		2023-12-12T19:31:45Z	
3.6.4		2023-12-19T15:56:10Z	
3.6.5		2024-01-10T12:39:13Z	
3.6.6		2024-01-16T11:15:51Z	
3.6.7		2024-01-23T11:33:51Z	
3.6.8		2024-01-26T11:46:44Z	
3.6.9		2024-01-31T12:42:00Z	
3.7.0		2024-01-24T11:26:05Z	
3.7.0.CR1		2024-01-17T12:30:19Z	
3.7.1		2024-01-31T10:16:43Z	
3.7.2		2024-02-08T10:20:50Z	
3.7.3		2024-02-14T10:45:47Z	
3.7.4		2024-02-21T11:29:55Z	
3.8.0		2024-02-21T11:14:49Z	
3.8.0.CR1		2024-02-14T11:21:42Z	
3.8.1		2024-02-28T10:25:44Z	
3.8.2		2024-03-07T11:18:33Z	
3.8.3		2024-03-15T16:46:29Z	
3.8.4		2024-04-17T10:02:32Z	
3.8.5		2024-06-05T10:09:40Z	
3.8.6		2024-08-28T08:23:05Z	
3.8.6.1		2025-02-27T11:21:08Z	
3.9.0		2024-03-20T14:23:32Z	
3.9.0.CR1		2024-03-13T11:22:59Z	
3.9.0.CR2		2024-03-15T01:27:02Z	
3.9.1		2024-03-27T10:41:21Z	
3.9.2		2024-04-03T09:21:00Z	
3.9.3		2024-04-10T12:24:53Z	
3.9.4		2024-04-18T09:31:12Z	
3.9.5		2024-04-26T16:58:00Z	
