4.0.0			IOException: Tail request on https://maven-central.storage-download.googleapis.com/maven2/ca/uhn/hapi/fhir/hapi-fhir-bom/4.0.0/hapi-fhir-bom-4.0.0.jar returned status 404
4.0.1			IOException: Tail request on https://maven-central.storage-download.googleapis.com/maven2/ca/uhn/hapi/fhir/hapi-fhir-bom/4.0.1/hapi-fhir-bom-4.0.1.jar returned status 404
4.0.2			IOException: Tail request on https://maven-central.storage-download.googleapis.com/maven2/ca/uhn/hapi/fhir/hapi-fhir-bom/4.0.2/hapi-fhir-bom-4.0.2.jar returned status 404
4.0.3			IOException: Tail request on https://maven-central.storage-download.googleapis.com/maven2/ca/uhn/hapi/fhir/hapi-fhir-bom/4.0.3/hapi-fhir-bom-4.0.3.jar returned status 404
4.1.0			IOException: Tail request on https://maven-central.storage-download.googleapis.com/maven2/ca/uhn/hapi/fhir/hapi-fhir-bom/4.1.0/hapi-fhir-bom-4.1.0.jar returned status 404
4.2.0			IOException: Tail request on https://maven-central.storage-download.googleapis.com/maven2/ca/uhn/hapi/fhir/hapi-fhir-bom/4.2.0/hapi-fhir-bom-4.2.0.jar returned status 404
5.0.0			IOException: Tail request on https://maven-central.storage-download.googleapis.com/maven2/ca/uhn/hapi/fhir/hapi-fhir-bom/5.0.0/hapi-fhir-bom-5.0.0.jar returned status 404
5.0.1			IOException: Tail request on https://maven-central.storage-download.googleapis.com/maven2/ca/uhn/hapi/fhir/hapi-fhir-bom/5.0.1/hapi-fhir-bom-5.0.1.jar returned status 404
5.0.2			IOException: Tail request on https://maven-central.storage-download.googleapis.com/maven2/ca/uhn/hapi/fhir/hapi-fhir-bom/5.0.2/hapi-fhir-bom-5.0.2.jar returned status 404
5.1.0			IOException: Tail request on https://maven-central.storage-download.googleapis.com/maven2/ca/uhn/hapi/fhir/hapi-fhir-bom/5.1.0/hapi-fhir-bom-5.1.0.jar returned status 404
5.2.0			IOException: Tail request on https://maven-central.storage-download.googleapis.com/maven2/ca/uhn/hapi/fhir/hapi-fhir-bom/5.2.0/hapi-fhir-bom-5.2.0.jar returned status 404
5.2.1			IOException: Tail request on https://maven-central.storage-download.googleapis.com/maven2/ca/uhn/hapi/fhir/hapi-fhir-bom/5.2.1/hapi-fhir-bom-5.2.1.jar returned status 404
5.3.0			IOException: Tail request on https://maven-central.storage-download.googleapis.com/maven2/ca/uhn/hapi/fhir/hapi-fhir-bom/5.3.0/hapi-fhir-bom-5.3.0.jar returned status 404
5.3.2			IOException: Tail request on https://maven-central.storage-download.googleapis.com/maven2/ca/uhn/hapi/fhir/hapi-fhir-bom/5.3.2/hapi-fhir-bom-5.3.2.jar returned status 404
5.3.3			IOException: Tail request on https://maven-central.storage-download.googleapis.com/maven2/ca/uhn/hapi/fhir/hapi-fhir-bom/5.3.3/hapi-fhir-bom-5.3.3.jar returned status 404
5.4.0			IOException: Tail request on https://maven-central.storage-download.googleapis.com/maven2/ca/uhn/hapi/fhir/hapi-fhir-bom/5.4.0/hapi-fhir-bom-5.4.0.jar returned status 404
5.4.1			IOException: Tail request on https://maven-central.storage-download.googleapis.com/maven2/ca/uhn/hapi/fhir/hapi-fhir-bom/5.4.1/hapi-fhir-bom-5.4.1.jar returned status 404
5.4.2			IOException: Tail request on https://maven-central.storage-download.googleapis.com/maven2/ca/uhn/hapi/fhir/hapi-fhir-bom/5.4.2/hapi-fhir-bom-5.4.2.jar returned status 404
5.5.0			IOException: Tail request on https://maven-central.storage-download.googleapis.com/maven2/ca/uhn/hapi/fhir/hapi-fhir-bom/5.5.0/hapi-fhir-bom-5.5.0.jar returned status 404
5.5.1			IOException: Tail request on https://maven-central.storage-download.googleapis.com/maven2/ca/uhn/hapi/fhir/hapi-fhir-bom/5.5.1/hapi-fhir-bom-5.5.1.jar returned status 404
5.5.2			IOException: Tail request on https://maven-central.storage-download.googleapis.com/maven2/ca/uhn/hapi/fhir/hapi-fhir-bom/5.5.2/hapi-fhir-bom-5.5.2.jar returned status 404
5.5.3			IOException: Tail request on https://maven-central.storage-download.googleapis.com/maven2/ca/uhn/hapi/fhir/hapi-fhir-bom/5.5.3/hapi-fhir-bom-5.5.3.jar returned status 404
5.5.4			IOException: Tail request on https://maven-central.storage-download.googleapis.com/maven2/ca/uhn/hapi/fhir/hapi-fhir-bom/5.5.4/hapi-fhir-bom-5.5.4.jar returned status 404
5.5.5			IOException: Tail request on https://maven-central.storage-download.googleapis.com/maven2/ca/uhn/hapi/fhir/hapi-fhir-bom/5.5.5/hapi-fhir-bom-5.5.5.jar returned status 404
5.5.7			IOException: Tail request on https://maven-central.storage-download.googleapis.com/maven2/ca/uhn/hapi/fhir/hapi-fhir-bom/5.5.7/hapi-fhir-bom-5.5.7.jar returned status 404
5.6.0			IOException: Tail request on https://maven-central.storage-download.googleapis.com/maven2/ca/uhn/hapi/fhir/hapi-fhir-bom/5.6.0/hapi-fhir-bom-5.6.0.jar returned status 404
5.6.1			IOException: Tail request on https://maven-central.storage-download.googleapis.com/maven2/ca/uhn/hapi/fhir/hapi-fhir-bom/5.6.1/hapi-fhir-bom-5.6.1.jar returned status 404
5.6.2			IOException: Tail request on https://maven-central.storage-download.googleapis.com/maven2/ca/uhn/hapi/fhir/hapi-fhir-bom/5.6.2/hapi-fhir-bom-5.6.2.jar returned status 404
5.6.3			IOException: Tail request on https://maven-central.storage-download.googleapis.com/maven2/ca/uhn/hapi/fhir/hapi-fhir-bom/5.6.3/hapi-fhir-bom-5.6.3.jar returned status 404
5.6.5			IOException: Tail request on https://maven-central.storage-download.googleapis.com/maven2/ca/uhn/hapi/fhir/hapi-fhir-bom/5.6.5/hapi-fhir-bom-5.6.5.jar returned status 404
5.7.0			IOException: Tail request on https://maven-central.storage-download.googleapis.com/maven2/ca/uhn/hapi/fhir/hapi-fhir-bom/5.7.0/hapi-fhir-bom-5.7.0.jar returned status 404
5.7.1			IOException: Tail request on https://maven-central.storage-download.googleapis.com/maven2/ca/uhn/hapi/fhir/hapi-fhir-bom/5.7.1/hapi-fhir-bom-5.7.1.jar returned status 404
5.7.2			IOException: Tail request on https://maven-central.storage-download.googleapis.com/maven2/ca/uhn/hapi/fhir/hapi-fhir-bom/5.7.2/hapi-fhir-bom-5.7.2.jar returned status 404
5.7.3			IOException: Tail request on https://maven-central.storage-download.googleapis.com/maven2/ca/uhn/hapi/fhir/hapi-fhir-bom/5.7.3/hapi-fhir-bom-5.7.3.jar returned status 404
5.7.4			IOException: Tail request on https://maven-central.storage-download.googleapis.com/maven2/ca/uhn/hapi/fhir/hapi-fhir-bom/5.7.4/hapi-fhir-bom-5.7.4.jar returned status 404
5.7.6			IOException: Tail request on https://maven-central.storage-download.googleapis.com/maven2/ca/uhn/hapi/fhir/hapi-fhir-bom/5.7.6/hapi-fhir-bom-5.7.6.jar returned status 404
5.7.7			IOException: Tail request on https://maven-central.storage-download.googleapis.com/maven2/ca/uhn/hapi/fhir/hapi-fhir-bom/5.7.7/hapi-fhir-bom-5.7.7.jar returned status 404
5.7.8			IOException: Tail request on https://maven-central.storage-download.googleapis.com/maven2/ca/uhn/hapi/fhir/hapi-fhir-bom/5.7.8/hapi-fhir-bom-5.7.8.jar returned status 404
5.7.9			IOException: Tail request on https://maven-central.storage-download.googleapis.com/maven2/ca/uhn/hapi/fhir/hapi-fhir-bom/5.7.9/hapi-fhir-bom-5.7.9.jar returned status 404
6.0.0			IOException: Tail request on https://maven-central.storage-download.googleapis.com/maven2/ca/uhn/hapi/fhir/hapi-fhir-bom/6.0.0/hapi-fhir-bom-6.0.0.jar returned status 404
6.0.1			IOException: Tail request on https://maven-central.storage-download.googleapis.com/maven2/ca/uhn/hapi/fhir/hapi-fhir-bom/6.0.1/hapi-fhir-bom-6.0.1.jar returned status 404
6.0.2			IOException: Tail request on https://maven-central.storage-download.googleapis.com/maven2/ca/uhn/hapi/fhir/hapi-fhir-bom/6.0.2/hapi-fhir-bom-6.0.2.jar returned status 404
6.0.3			IOException: Tail request on https://maven-central.storage-download.googleapis.com/maven2/ca/uhn/hapi/fhir/hapi-fhir-bom/6.0.3/hapi-fhir-bom-6.0.3.jar returned status 404
6.0.4			IOException: Tail request on https://maven-central.storage-download.googleapis.com/maven2/ca/uhn/hapi/fhir/hapi-fhir-bom/6.0.4/hapi-fhir-bom-6.0.4.jar returned status 404
6.0.5			IOException: Tail request on https://maven-central.storage-download.googleapis.com/maven2/ca/uhn/hapi/fhir/hapi-fhir-bom/6.0.5/hapi-fhir-bom-6.0.5.jar returned status 404
6.1.0			IOException: Tail request on https://maven-central.storage-download.googleapis.com/maven2/ca/uhn/hapi/fhir/hapi-fhir-bom/6.1.0/hapi-fhir-bom-6.1.0.jar returned status 404
6.1.1			IOException: Tail request on https://maven-central.storage-download.googleapis.com/maven2/ca/uhn/hapi/fhir/hapi-fhir-bom/6.1.1/hapi-fhir-bom-6.1.1.jar returned status 404
6.1.2			IOException: Tail request on https://maven-central.storage-download.googleapis.com/maven2/ca/uhn/hapi/fhir/hapi-fhir-bom/6.1.2/hapi-fhir-bom-6.1.2.jar returned status 404
6.1.3			IOException: Tail request on https://maven-central.storage-download.googleapis.com/maven2/ca/uhn/hapi/fhir/hapi-fhir-bom/6.1.3/hapi-fhir-bom-6.1.3.jar returned status 404
6.10.0			IOException: Tail request on https://maven-central.storage-download.googleapis.com/maven2/ca/uhn/hapi/fhir/hapi-fhir-bom/6.10.0/hapi-fhir-bom-6.10.0.jar returned status 404
6.10.1			IOException: Tail request on https://maven-central.storage-download.googleapis.com/maven2/ca/uhn/hapi/fhir/hapi-fhir-bom/6.10.1/hapi-fhir-bom-6.10.1.jar returned status 404
6.10.2			IOException: Tail request on https://maven-central.storage-download.googleapis.com/maven2/ca/uhn/hapi/fhir/hapi-fhir-bom/6.10.2/hapi-fhir-bom-6.10.2.jar returned status 404
6.10.3			IOException: Tail request on https://maven-central.storage-download.googleapis.com/maven2/ca/uhn/hapi/fhir/hapi-fhir-bom/6.10.3/hapi-fhir-bom-6.10.3.jar returned status 404
6.10.4			IOException: Tail request on https://maven-central.storage-download.googleapis.com/maven2/ca/uhn/hapi/fhir/hapi-fhir-bom/6.10.4/hapi-fhir-bom-6.10.4.jar returned status 404
6.10.5			IOException: Tail request on https://maven-central.storage-download.googleapis.com/maven2/ca/uhn/hapi/fhir/hapi-fhir-bom/6.10.5/hapi-fhir-bom-6.10.5.jar returned status 404
6.2.0			IOException: Tail request on https://maven-central.storage-download.googleapis.com/maven2/ca/uhn/hapi/fhir/hapi-fhir-bom/6.2.0/hapi-fhir-bom-6.2.0.jar returned status 404
6.2.1			IOException: Tail request on https://maven-central.storage-download.googleapis.com/maven2/ca/uhn/hapi/fhir/hapi-fhir-bom/6.2.1/hapi-fhir-bom-6.2.1.jar returned status 404
6.2.2			IOException: Tail request on https://maven-central.storage-download.googleapis.com/maven2/ca/uhn/hapi/fhir/hapi-fhir-bom/6.2.2/hapi-fhir-bom-6.2.2.jar returned status 404
6.2.3			IOException: Tail request on https://maven-central.storage-download.googleapis.com/maven2/ca/uhn/hapi/fhir/hapi-fhir-bom/6.2.3/hapi-fhir-bom-6.2.3.jar returned status 404
6.2.4			IOException: Tail request on https://maven-central.storage-download.googleapis.com/maven2/ca/uhn/hapi/fhir/hapi-fhir-bom/6.2.4/hapi-fhir-bom-6.2.4.jar returned status 404
6.2.5			IOException: Tail request on https://maven-central.storage-download.googleapis.com/maven2/ca/uhn/hapi/fhir/hapi-fhir-bom/6.2.5/hapi-fhir-bom-6.2.5.jar returned status 404
6.4.0			IOException: Tail request on https://maven-central.storage-download.googleapis.com/maven2/ca/uhn/hapi/fhir/hapi-fhir-bom/6.4.0/hapi-fhir-bom-6.4.0.jar returned status 404
6.4.1			IOException: Tail request on https://maven-central.storage-download.googleapis.com/maven2/ca/uhn/hapi/fhir/hapi-fhir-bom/6.4.1/hapi-fhir-bom-6.4.1.jar returned status 404
6.4.2			IOException: Tail request on https://maven-central.storage-download.googleapis.com/maven2/ca/uhn/hapi/fhir/hapi-fhir-bom/6.4.2/hapi-fhir-bom-6.4.2.jar returned status 404
6.4.3			IOException: Tail request on https://maven-central.storage-download.googleapis.com/maven2/ca/uhn/hapi/fhir/hapi-fhir-bom/6.4.3/hapi-fhir-bom-6.4.3.jar returned status 404
6.4.4			IOException: Tail request on https://maven-central.storage-download.googleapis.com/maven2/ca/uhn/hapi/fhir/hapi-fhir-bom/6.4.4/hapi-fhir-bom-6.4.4.jar returned status 404
6.4.6			IOException: Tail request on https://maven-central.storage-download.googleapis.com/maven2/ca/uhn/hapi/fhir/hapi-fhir-bom/6.4.6/hapi-fhir-bom-6.4.6.jar returned status 404
6.4.7			IOException: Tail request on https://maven-central.storage-download.googleapis.com/maven2/ca/uhn/hapi/fhir/hapi-fhir-bom/6.4.7/hapi-fhir-bom-6.4.7.jar returned status 404
6.6.0			IOException: Tail request on https://maven-central.storage-download.googleapis.com/maven2/ca/uhn/hapi/fhir/hapi-fhir-bom/6.6.0/hapi-fhir-bom-6.6.0.jar returned status 404
6.6.1			IOException: Tail request on https://maven-central.storage-download.googleapis.com/maven2/ca/uhn/hapi/fhir/hapi-fhir-bom/6.6.1/hapi-fhir-bom-6.6.1.jar returned status 404
6.6.2			IOException: Tail request on https://maven-central.storage-download.googleapis.com/maven2/ca/uhn/hapi/fhir/hapi-fhir-bom/6.6.2/hapi-fhir-bom-6.6.2.jar returned status 404
6.8.0			IOException: Tail request on https://maven-central.storage-download.googleapis.com/maven2/ca/uhn/hapi/fhir/hapi-fhir-bom/6.8.0/hapi-fhir-bom-6.8.0.jar returned status 404
6.8.1			IOException: Tail request on https://maven-central.storage-download.googleapis.com/maven2/ca/uhn/hapi/fhir/hapi-fhir-bom/6.8.1/hapi-fhir-bom-6.8.1.jar returned status 404
6.8.2			IOException: Tail request on https://maven-central.storage-download.googleapis.com/maven2/ca/uhn/hapi/fhir/hapi-fhir-bom/6.8.2/hapi-fhir-bom-6.8.2.jar returned status 404
6.8.3			IOException: Tail request on https://maven-central.storage-download.googleapis.com/maven2/ca/uhn/hapi/fhir/hapi-fhir-bom/6.8.3/hapi-fhir-bom-6.8.3.jar returned status 404
6.8.4			IOException: Tail request on https://maven-central.storage-download.googleapis.com/maven2/ca/uhn/hapi/fhir/hapi-fhir-bom/6.8.4/hapi-fhir-bom-6.8.4.jar returned status 404
6.8.5			IOException: Tail request on https://maven-central.storage-download.googleapis.com/maven2/ca/uhn/hapi/fhir/hapi-fhir-bom/6.8.5/hapi-fhir-bom-6.8.5.jar returned status 404
6.8.7			IOException: Tail request on https://maven-central.storage-download.googleapis.com/maven2/ca/uhn/hapi/fhir/hapi-fhir-bom/6.8.7/hapi-fhir-bom-6.8.7.jar returned status 404
6.8.8			IOException: Tail request on https://maven-central.storage-download.googleapis.com/maven2/ca/uhn/hapi/fhir/hapi-fhir-bom/6.8.8/hapi-fhir-bom-6.8.8.jar returned status 404
7.0.0			IOException: Tail request on https://maven-central.storage-download.googleapis.com/maven2/ca/uhn/hapi/fhir/hapi-fhir-bom/7.0.0/hapi-fhir-bom-7.0.0.jar returned status 404
7.0.1			IOException: Tail request on https://maven-central.storage-download.googleapis.com/maven2/ca/uhn/hapi/fhir/hapi-fhir-bom/7.0.1/hapi-fhir-bom-7.0.1.jar returned status 404
7.0.2			IOException: Tail request on https://maven-central.storage-download.googleapis.com/maven2/ca/uhn/hapi/fhir/hapi-fhir-bom/7.0.2/hapi-fhir-bom-7.0.2.jar returned status 404
7.0.3			IOException: Tail request on https://maven-central.storage-download.googleapis.com/maven2/ca/uhn/hapi/fhir/hapi-fhir-bom/7.0.3/hapi-fhir-bom-7.0.3.jar returned status 404
7.2.0			IOException: Tail request on https://maven-central.storage-download.googleapis.com/maven2/ca/uhn/hapi/fhir/hapi-fhir-bom/7.2.0/hapi-fhir-bom-7.2.0.jar returned status 404
7.2.1			IOException: Tail request on https://maven-central.storage-download.googleapis.com/maven2/ca/uhn/hapi/fhir/hapi-fhir-bom/7.2.1/hapi-fhir-bom-7.2.1.jar returned status 404
7.2.2			IOException: Tail request on https://maven-central.storage-download.googleapis.com/maven2/ca/uhn/hapi/fhir/hapi-fhir-bom/7.2.2/hapi-fhir-bom-7.2.2.jar returned status 404
7.2.3			IOException: Tail request on https://maven-central.storage-download.googleapis.com/maven2/ca/uhn/hapi/fhir/hapi-fhir-bom/7.2.3/hapi-fhir-bom-7.2.3.jar returned status 404
7.4.0			IOException: Tail request on https://maven-central.storage-download.googleapis.com/maven2/ca/uhn/hapi/fhir/hapi-fhir-bom/7.4.0/hapi-fhir-bom-7.4.0.jar returned status 404
7.4.2			IOException: Tail request on https://maven-central.storage-download.googleapis.com/maven2/ca/uhn/hapi/fhir/hapi-fhir-bom/7.4.2/hapi-fhir-bom-7.4.2.jar returned status 404
7.4.3			IOException: Tail request on https://maven-central.storage-download.googleapis.com/maven2/ca/uhn/hapi/fhir/hapi-fhir-bom/7.4.3/hapi-fhir-bom-7.4.3.jar returned status 404
7.4.4			IOException: Tail request on https://maven-central.storage-download.googleapis.com/maven2/ca/uhn/hapi/fhir/hapi-fhir-bom/7.4.4/hapi-fhir-bom-7.4.4.jar returned status 404
7.4.5			IOException: Tail request on https://maven-central.storage-download.googleapis.com/maven2/ca/uhn/hapi/fhir/hapi-fhir-bom/7.4.5/hapi-fhir-bom-7.4.5.jar returned status 404
7.6.0			IOException: Tail request on https://maven-central.storage-download.googleapis.com/maven2/ca/uhn/hapi/fhir/hapi-fhir-bom/7.6.0/hapi-fhir-bom-7.6.0.jar returned status 404
7.6.1			IOException: Tail request on https://maven-central.storage-download.googleapis.com/maven2/ca/uhn/hapi/fhir/hapi-fhir-bom/7.6.1/hapi-fhir-bom-7.6.1.jar returned status 404
8.0.0			IOException: Tail request on https://maven-central.storage-download.googleapis.com/maven2/ca/uhn/hapi/fhir/hapi-fhir-bom/8.0.0/hapi-fhir-bom-8.0.0.jar returned status 404
8.10.0		2026-05-21T20:05:03Z	IOException: Tail request on https://maven-central.storage-download.googleapis.com/maven2/ca/uhn/hapi/fhir/hapi-fhir-bom/8.10.0/hapi-fhir-bom-8.10.0.jar returned status 404
8.2.0			IOException: Tail request on https://maven-central.storage-download.googleapis.com/maven2/ca/uhn/hapi/fhir/hapi-fhir-bom/8.2.0/hapi-fhir-bom-8.2.0.jar returned status 404
8.2.1			IOException: Tail request on https://maven-central.storage-download.googleapis.com/maven2/ca/uhn/hapi/fhir/hapi-fhir-bom/8.2.1/hapi-fhir-bom-8.2.1.jar returned status 404
8.2.2			IOException: Tail request on https://maven-central.storage-download.googleapis.com/maven2/ca/uhn/hapi/fhir/hapi-fhir-bom/8.2.2/hapi-fhir-bom-8.2.2.jar returned status 404
8.4.0			IOException: Tail request on https://maven-central.storage-download.googleapis.com/maven2/ca/uhn/hapi/fhir/hapi-fhir-bom/8.4.0/hapi-fhir-bom-8.4.0.jar returned status 404
8.4.1			IOException: Tail request on https://maven-central.storage-download.googleapis.com/maven2/ca/uhn/hapi/fhir/hapi-fhir-bom/8.4.1/hapi-fhir-bom-8.4.1.jar returned status 404
8.4.2			IOException: Tail request on https://maven-central.storage-download.googleapis.com/maven2/ca/uhn/hapi/fhir/hapi-fhir-bom/8.4.2/hapi-fhir-bom-8.4.2.jar returned status 404
8.4.3			IOException: Tail request on https://maven-central.storage-download.googleapis.com/maven2/ca/uhn/hapi/fhir/hapi-fhir-bom/8.4.3/hapi-fhir-bom-8.4.3.jar returned status 404
8.6.0			IOException: Tail request on https://maven-central.storage-download.googleapis.com/maven2/ca/uhn/hapi/fhir/hapi-fhir-bom/8.6.0/hapi-fhir-bom-8.6.0.jar returned status 404
8.6.1			IOException: Tail request on https://maven-central.storage-download.googleapis.com/maven2/ca/uhn/hapi/fhir/hapi-fhir-bom/8.6.1/hapi-fhir-bom-8.6.1.jar returned status 404
8.6.3			IOException: Tail request on https://maven-central.storage-download.googleapis.com/maven2/ca/uhn/hapi/fhir/hapi-fhir-bom/8.6.3/hapi-fhir-bom-8.6.3.jar returned status 404
8.6.4			IOException: Tail request on https://maven-central.storage-download.googleapis.com/maven2/ca/uhn/hapi/fhir/hapi-fhir-bom/8.6.4/hapi-fhir-bom-8.6.4.jar returned status 404
8.6.5			IOException: Tail request on https://maven-central.storage-download.googleapis.com/maven2/ca/uhn/hapi/fhir/hapi-fhir-bom/8.6.5/hapi-fhir-bom-8.6.5.jar returned status 404
8.6.6			IOException: Tail request on https://maven-central.storage-download.googleapis.com/maven2/ca/uhn/hapi/fhir/hapi-fhir-bom/8.6.6/hapi-fhir-bom-8.6.6.jar returned status 404
8.6.7			IOException: Tail request on https://maven-central.storage-download.googleapis.com/maven2/ca/uhn/hapi/fhir/hapi-fhir-bom/8.6.7/hapi-fhir-bom-8.6.7.jar returned status 404
8.6.8			IOException: Tail request on https://maven-central.storage-download.googleapis.com/maven2/ca/uhn/hapi/fhir/hapi-fhir-bom/8.6.8/hapi-fhir-bom-8.6.8.jar returned status 404
8.8.0			IOException: Tail request on https://maven-central.storage-download.googleapis.com/maven2/ca/uhn/hapi/fhir/hapi-fhir-bom/8.8.0/hapi-fhir-bom-8.8.0.jar returned status 404
8.8.1			IOException: Tail request on https://maven-central.storage-download.googleapis.com/maven2/ca/uhn/hapi/fhir/hapi-fhir-bom/8.8.1/hapi-fhir-bom-8.8.1.jar returned status 404
